"pokemonId","moveName"
"n1","たいあたり"
"n1","なきごえ"
"n1","つるのムチ"
"n1","やどりぎのタネ"
"n1","どくのこな"
"n1","ねむりごな"
"n1","とっしん"
"n1","はっぱカッター"
"n1","せいちょう"
"n1","すてみタックル"
"n1","ずつき"
"n1","ねむる"
"n1","ひかりのかべ"
"n1","まもる"
"n1","みがわり"
"n1","リフレクター"
"n1","からげんき"
"n1","どくどく"
"n1","げきりん"
"n1","ソーラービーム"
"n1","ヘドロばくだん"
"n1","メガドレイン"
"n2","たいあたり"
"n2","なきごえ"
"n2","やどりぎのタネ"
"n2","つるのムチ"
"n2","つるのムチ"
"n2","やどりぎのタネ"
"n2","どくのこな"
"n2","ねむりごな"
"n2","とっしん"
"n2","はっぱカッター"
"n2","せいちょう"
"n2","すてみタックル"
"n2","ソーラービーム"
"n2","ずつき"
"n2","ねむる"
"n2","ひかりのかべ"
"n2","まもる"
"n2","みがわり"
"n2","リフレクター"
"n2","からげんき"
"n2","どくどく"
"n2","げきりん"
"n2","ソーラービーム"
"n2","ヘドロばくだん"
"n2","メガドレイン"
"n3","はなびらのまい"
"n3","たいあたり"
"n3","なきごえ"
"n3","やどりぎのタネ"
"n3","つるのムチ"
"n3","はなびらのまい"
"n3","ドわすれ"
"n3","パワーウィップ"
"n3","つるのムチ"
"n3","やどりぎのタネ"
"n3","どくのこな"
"n3","ねむりごな"
"n3","とっしん"
"n3","はっぱカッター"
"n3","せいちょう"
"n3","すてみタックル"
"n3","ソーラービーム"
"n3","ずつき"
"n3","ねむる"
"n3","ひかりのかべ"
"n3","まもる"
"n3","みがわり"
"n3","リフレクター"
"n3","からげんき"
"n3","どくどく"
"n3","げきりん"
"n3","じしん"
"n3","ソーラービーム"
"n3","はかいこうせん"
"n3","ヘドロばくだん"
"n3","メガドレイン"
"n3m","はなびらのまい"
"n3m","たいあたり"
"n3m","なきごえ"
"n3m","やどりぎのタネ"
"n3m","つるのムチ"
"n3m","はなびらのまい"
"n3m","ドわすれ"
"n3m","パワーウィップ"
"n3m","つるのムチ"
"n3m","やどりぎのタネ"
"n3m","どくのこな"
"n3m","ねむりごな"
"n3m","とっしん"
"n3m","はっぱカッター"
"n3m","せいちょう"
"n3m","すてみタックル"
"n3m","ソーラービーム"
"n3m","ずつき"
"n3m","ねむる"
"n3m","ひかりのかべ"
"n3m","まもる"
"n3m","みがわり"
"n3m","リフレクター"
"n3m","からげんき"
"n3m","どくどく"
"n3m","げきりん"
"n3m","じしん"
"n3m","ソーラービーム"
"n3m","はかいこうせん"
"n3m","ヘドロばくだん"
"n3m","メガドレイン"
"n4","ひっかく"
"n4","なきごえ"
"n4","えんまく"
"n4","ひのこ"
"n4","みだれひっかき"
"n4","りゅうのいかり"
"n4","ほのおのうず"
"n4","きりさく"
"n4","かえんほうしゃ"
"n4","ずつき"
"n4","ねむる"
"n4","まもる"
"n4","みがわり"
"n4","リフレクター"
"n4","あなをほる"
"n4","おにび"
"n4","からげんき"
"n4","かわらわり"
"n4","ちきゅうなげ"
"n4","アイアンテール"
"n4","いわなだれ"
"n4","かみなりパンチ"
"n4","どくどく"
"n4","ほのおのパンチ"
"n4","りゅうのはどう"
"n4","かえんほうしゃ"
"n4","げきりん"
"n4","だいもんじ"
"n5","ひっかく"
"n5","なきごえ"
"n5","ひのこ"
"n5","えんまく"
"n5","なきごえ"
"n5","えんまく"
"n5","ひのこ"
"n5","みだれひっかき"
"n5","りゅうのいかり"
"n5","ほのおのうず"
"n5","きりさく"
"n5","かえんほうしゃ"
"n5","ずつき"
"n5","ねむる"
"n5","まもる"
"n5","みがわり"
"n5","リフレクター"
"n5","あなをほる"
"n5","おにび"
"n5","からげんき"
"n5","かわらわり"
"n5","ちきゅうなげ"
"n5","アイアンテール"
"n5","いわなだれ"
"n5","かみなりパンチ"
"n5","どくどく"
"n5","ほのおのパンチ"
"n5","りゅうのはどう"
"n5","かえんほうしゃ"
"n5","げきりん"
"n5","だいもんじ"
"n6","つばさでうつ"
"n6","ひっかく"
"n6","なきごえ"
"n6","ひのこ"
"n6","えんまく"
"n6","ねっぷう"
"n6","つばさでうつ"
"n6","カウンター"
"n6","かみくだく"
"n6","なきごえ"
"n6","えんまく"
"n6","ひのこ"
"n6","みだれひっかき"
"n6","りゅうのいかり"
"n6","ほのおのうず"
"n6","きりさく"
"n6","かえんほうしゃ"
"n6","エアスラッシュ"
"n6","フレアドライブ"
"n6","ずつき"
"n6","ねむる"
"n6","まもる"
"n6","みがわり"
"n6","リフレクター"
"n6","あなをほる"
"n6","おにび"
"n6","からげんき"
"n6","かわらわり"
"n6","そらをとぶ"
"n6","ちきゅうなげ"
"n6","ドラゴンテール"
"n6","アイアンテール"
"n6","いわなだれ"
"n6","かみなりパンチ"
"n6","どくどく"
"n6","ほのおのパンチ"
"n6","りゅうのはどう"
"n6","かえんほうしゃ"
"n6","げきりん"
"n6","じしん"
"n6","ソーラービーム"
"n6","だいもんじ"
"n6","はかいこうせん"
"n6","はねやすめ"
"n6x","つばさでうつ"
"n6x","ひっかく"
"n6x","なきごえ"
"n6x","ひのこ"
"n6x","えんまく"
"n6x","ねっぷう"
"n6x","つばさでうつ"
"n6x","カウンター"
"n6x","かみくだく"
"n6x","なきごえ"
"n6x","えんまく"
"n6x","ひのこ"
"n6x","みだれひっかき"
"n6x","りゅうのいかり"
"n6x","ほのおのうず"
"n6x","きりさく"
"n6x","かえんほうしゃ"
"n6x","エアスラッシュ"
"n6x","フレアドライブ"
"n6x","ずつき"
"n6x","ねむる"
"n6x","まもる"
"n6x","みがわり"
"n6x","リフレクター"
"n6x","あなをほる"
"n6x","おにび"
"n6x","からげんき"
"n6x","かわらわり"
"n6x","そらをとぶ"
"n6x","ちきゅうなげ"
"n6x","ドラゴンテール"
"n6x","アイアンテール"
"n6x","いわなだれ"
"n6x","かみなりパンチ"
"n6x","どくどく"
"n6x","ほのおのパンチ"
"n6x","りゅうのはどう"
"n6x","かえんほうしゃ"
"n6x","げきりん"
"n6x","じしん"
"n6x","ソーラービーム"
"n6x","だいもんじ"
"n6x","はかいこうせん"
"n6x","はねやすめ"
"n6y","つばさでうつ"
"n6y","ひっかく"
"n6y","なきごえ"
"n6y","ひのこ"
"n6y","えんまく"
"n6y","ねっぷう"
"n6y","つばさでうつ"
"n6y","カウンター"
"n6y","かみくだく"
"n6y","なきごえ"
"n6y","えんまく"
"n6y","ひのこ"
"n6y","みだれひっかき"
"n6y","りゅうのいかり"
"n6y","ほのおのうず"
"n6y","きりさく"
"n6y","かえんほうしゃ"
"n6y","エアスラッシュ"
"n6y","フレアドライブ"
"n6y","ずつき"
"n6y","ねむる"
"n6y","まもる"
"n6y","みがわり"
"n6y","リフレクター"
"n6y","あなをほる"
"n6y","おにび"
"n6y","からげんき"
"n6y","かわらわり"
"n6y","そらをとぶ"
"n6y","ちきゅうなげ"
"n6y","ドラゴンテール"
"n6y","アイアンテール"
"n6y","いわなだれ"
"n6y","かみなりパンチ"
"n6y","どくどく"
"n6y","ほのおのパンチ"
"n6y","りゅうのはどう"
"n6y","かえんほうしゃ"
"n6y","げきりん"
"n6y","じしん"
"n6y","ソーラービーム"
"n6y","だいもんじ"
"n6y","はかいこうせん"
"n6y","はねやすめ"
"n7","たいあたり"
"n7","しっぽをふる"
"n7","あわ"
"n7","からにこもる"
"n7","みずでっぽう"
"n7","かみつく"
"n7","バブルこうせん"
"n7","まもる"
"n7","ずつき"
"n7","ハイドロポンプ"
"n7","ロケットずつき"
"n7","ずつき"
"n7","ねむる"
"n7","まもる"
"n7","みがわり"
"n7","リフレクター"
"n7","あなをほる"
"n7","からげんき"
"n7","かわらわり"
"n7","ちきゅうなげ"
"n7","アイアンテール"
"n7","いわなだれ"
"n7","たきのぼり"
"n7","どくどく"
"n7","ねっとう"
"n7","りゅうのはどう"
"n7","れいとうパンチ"
"n7","げきりん"
"n7","なみのり"
"n7","ふぶき"
"n7","れいとうビーム"
"n8","たいあたり"
"n8","しっぽをふる"
"n8","あわ"
"n8","からにこもる"
"n8","しっぽをふる"
"n8","あわ"
"n8","からにこもる"
"n8","みずでっぽう"
"n8","かみつく"
"n8","バブルこうせん"
"n8","まもる"
"n8","ずつき"
"n8","ハイドロポンプ"
"n8","ロケットずつき"
"n8","ずつき"
"n8","ねむる"
"n8","まもる"
"n8","みがわり"
"n8","リフレクター"
"n8","あなをほる"
"n8","からげんき"
"n8","かわらわり"
"n8","ちきゅうなげ"
"n8","アイアンテール"
"n8","いわなだれ"
"n8","たきのぼり"
"n8","どくどく"
"n8","ねっとう"
"n8","りゅうのはどう"
"n8","れいとうパンチ"
"n8","げきりん"
"n8","なみのり"
"n8","ふぶき"
"n8","れいとうビーム"
"n9","ラスターカノン"
"n9","たいあたり"
"n9","しっぽをふる"
"n9","あわ"
"n9","からにこもる"
"n9","ねこだまし"
"n9","アクアジェット"
"n9","しっぽをふる"
"n9","あわ"
"n9","からにこもる"
"n9","みずでっぽう"
"n9","かみつく"
"n9","バブルこうせん"
"n9","まもる"
"n9","ずつき"
"n9","ハイドロポンプ"
"n9","ロケットずつき"
"n9","ずつき"
"n9","ねむる"
"n9","まもる"
"n9","みがわり"
"n9","リフレクター"
"n9","あなをほる"
"n9","からげんき"
"n9","かわらわり"
"n9","ちきゅうなげ"
"n9","ドラゴンテール"
"n9","アイアンテール"
"n9","あくのはどう"
"n9","いわなだれ"
"n9","たきのぼり"
"n9","どくどく"
"n9","ねっとう"
"n9","りゅうのはどう"
"n9","れいとうパンチ"
"n9","げきりん"
"n9","じしん"
"n9","なみのり"
"n9","はかいこうせん"
"n9","ふぶき"
"n9","ラスターカノン"
"n9","れいとうビーム"
"n9m","ラスターカノン"
"n9m","たいあたり"
"n9m","しっぽをふる"
"n9m","あわ"
"n9m","からにこもる"
"n9m","ねこだまし"
"n9m","アクアジェット"
"n9m","しっぽをふる"
"n9m","あわ"
"n9m","からにこもる"
"n9m","みずでっぽう"
"n9m","かみつく"
"n9m","バブルこうせん"
"n9m","まもる"
"n9m","ずつき"
"n9m","ハイドロポンプ"
"n9m","ロケットずつき"
"n9m","ずつき"
"n9m","ねむる"
"n9m","まもる"
"n9m","みがわり"
"n9m","リフレクター"
"n9m","あなをほる"
"n9m","からげんき"
"n9m","かわらわり"
"n9m","ちきゅうなげ"
"n9m","ドラゴンテール"
"n9m","アイアンテール"
"n9m","あくのはどう"
"n9m","いわなだれ"
"n9m","たきのぼり"
"n9m","どくどく"
"n9m","ねっとう"
"n9m","りゅうのはどう"
"n9m","れいとうパンチ"
"n9m","げきりん"
"n9m","じしん"
"n9m","なみのり"
"n9m","はかいこうせん"
"n9m","ふぶき"
"n9m","ラスターカノン"
"n9m","れいとうビーム"
"n10","たいあたり"
"n10","いとをはく"
"n11","かたくなる"
"n11","かたくなる"
"n11","たいあたり"
"n11","いとをはく"
"n12","かぜおこし"
"n12","ねんりき"
"n12","かぜおこし"
"n12","どくのこな"
"n12","しびれごな"
"n12","ねむりごな"
"n12","サイケこうせん"
"n12","ちょうおんぱ"
"n12","ちょうのまい"
"n12","ふきとばし"
"n12","エアスラッシュ"
"n12","むしのさざめき"
"n12","ずつき"
"n12","テレポート"
"n12","ねむる"
"n12","まもる"
"n12","みがわり"
"n12","リフレクター"
"n12","からげんき"
"n12","とんぼがえり"
"n12","どくどく"
"n12","サイコキネシス"
"n12","シャドーボール"
"n12","ソーラービーム"
"n12","はかいこうせん"
"n12","はねやすめ"
"n12","メガドレイン"
"n12","ゆめくい"
"n12","たいあたり"
"n12","いとをはく"
"n12","かたくなる"
"n13","どくばり"
"n13","いとをはく"
"n14","かたくなる"
"n14","かたくなる"
"n14","どくばり"
"n14","いとをはく"
"n15","ダブルニードル"
"n15","ダブルニードル"
"n15","つつく"
"n15","いかり"
"n15","みだれづき"
"n15","きあいだめ"
"n15","どくづき"
"n15","こうそくいどう"
"n15","ミサイルばり"
"n15","げきりん"
"n15","ずつき"
"n15","ねむる"
"n15","まもる"
"n15","みがわり"
"n15","リフレクター"
"n15","からげんき"
"n15","かわらわり"
"n15","とんぼがえり"
"n15","シザークロス"
"n15","どくづき"
"n15","どくどく"
"n15","げきりん"
"n15","ソーラービーム"
"n15","はかいこうせん"
"n15","はねやすめ"
"n15","ヘドロばくだん"
"n15","メガドレイン"
"n15","ドリルライナー"
"n15","どくばり"
"n15","いとをはく"
"n15","かたくなる"
"n15m","ダブルニードル"
"n15m","ダブルニードル"
"n15m","つつく"
"n15m","いかり"
"n15m","みだれづき"
"n15m","きあいだめ"
"n15m","どくづき"
"n15m","こうそくいどう"
"n15m","ミサイルばり"
"n15m","げきりん"
"n15m","ずつき"
"n15m","ねむる"
"n15m","まもる"
"n15m","みがわり"
"n15m","リフレクター"
"n15m","からげんき"
"n15m","かわらわり"
"n15m","とんぼがえり"
"n15m","シザークロス"
"n15m","どくづき"
"n15m","どくどく"
"n15m","げきりん"
"n15m","ソーラービーム"
"n15m","はかいこうせん"
"n15m","はねやすめ"
"n15m","ヘドロばくだん"
"n15m","メガドレイン"
"n15m","ドリルライナー"
"n15m","どくばり"
"n15m","いとをはく"
"n15m","かたくなる"
"n16","たいあたり"
"n16","すなかけ"
"n16","かぜおこし"
"n16","オウムがえし"
"n16","でんこうせっか"
"n16","つばさでうつ"
"n16","はねやすめ"
"n16","ふきとばし"
"n16","こうそくいどう"
"n16","エアスラッシュ"
"n16","かまいたち"
"n16","ずつき"
"n16","ねむる"
"n16","まもる"
"n16","みがわり"
"n16","リフレクター"
"n16","からげんき"
"n16","そらをとぶ"
"n16","とんぼがえり"
"n16","どくどく"
"n16","はねやすめ"
"n17","たいあたり"
"n17","すなかけ"
"n17","かぜおこし"
"n17","でんこうせっか"
"n17","すなかけ"
"n17","かぜおこし"
"n17","でんこうせっか"
"n17","オウムがえし"
"n17","つばさでうつ"
"n17","はねやすめ"
"n17","ふきとばし"
"n17","こうそくいどう"
"n17","エアスラッシュ"
"n17","かまいたち"
"n17","ずつき"
"n17","ねむる"
"n17","まもる"
"n17","みがわり"
"n17","リフレクター"
"n17","からげんき"
"n17","そらをとぶ"
"n17","とんぼがえり"
"n17","どくどく"
"n17","はねやすめ"
"n18","たいあたり"
"n18","すなかけ"
"n18","かぜおこし"
"n18","でんこうせっか"
"n18","ゴッドバード"
"n18","ねっぷう"
"n18","すなかけ"
"n18","かぜおこし"
"n18","でんこうせっか"
"n18","オウムがえし"
"n18","つばさでうつ"
"n18","はねやすめ"
"n18","ふきとばし"
"n18","こうそくいどう"
"n18","エアスラッシュ"
"n18","かまいたち"
"n18","ずつき"
"n18","ねむる"
"n18","まもる"
"n18","みがわり"
"n18","リフレクター"
"n18","からげんき"
"n18","そらをとぶ"
"n18","とんぼがえり"
"n18","どくどく"
"n18","はかいこうせん"
"n18","はねやすめ"
"n18m","たいあたり"
"n18m","すなかけ"
"n18m","かぜおこし"
"n18m","でんこうせっか"
"n18m","ゴッドバード"
"n18m","ねっぷう"
"n18m","すなかけ"
"n18m","かぜおこし"
"n18m","でんこうせっか"
"n18m","オウムがえし"
"n18m","つばさでうつ"
"n18m","はねやすめ"
"n18m","ふきとばし"
"n18m","こうそくいどう"
"n18m","エアスラッシュ"
"n18m","かまいたち"
"n18m","ずつき"
"n18m","ねむる"
"n18m","まもる"
"n18m","みがわり"
"n18m","リフレクター"
"n18m","からげんき"
"n18m","そらをとぶ"
"n18m","とんぼがえり"
"n18m","どくどく"
"n18m","はかいこうせん"
"n18m","はねやすめ"
"n19","たいあたり"
"n19","しっぽをふる"
"n19","でんこうせっか"
"n19","きあいだめ"
"n19","かみつく"
"n19","いかりのまえば"
"n19","かみくだく"
"n19","ひっさつまえば"
"n19","ふいうち"
"n19","すてみタックル"
"n19","ずつき"
"n19","ちょうはつ"
"n19","ねむる"
"n19","まもる"
"n19","みがわり"
"n19","あなをほる"
"n19","からげんき"
"n19","でんじは"
"n19","とんぼがえり"
"n19","アイアンテール"
"n19","どくどく"
"n19","10まんボルト"
"n19","かみなり"
"n19","シャドーボール"
"n19","ふぶき"
"n19","れいとうビーム"
"n19a","たいあたり"
"n19a","しっぽをふる"
"n19a","でんこうせっか"
"n19a","きあいだめ"
"n19a","かみつく"
"n19a","いかりのまえば"
"n19a","かみくだく"
"n19a","ひっさつまえば"
"n19a","ふいうち"
"n19a","すてみタックル"
"n19a","ずつき"
"n19a","ちょうはつ"
"n19a","ねむる"
"n19a","まもる"
"n19a","みがわり"
"n19a","あなをほる"
"n19a","からげんき"
"n19a","とんぼがえり"
"n19a","アイアンテール"
"n19a","あくのはどう"
"n19a","どくどく"
"n19a","シャドーボール"
"n19a","ふぶき"
"n19a","ヘドロばくだん"
"n19a","れいとうビーム"
"n20","つるぎのまい"
"n20","たいあたり"
"n20","しっぽをふる"
"n20","でんこうせっか"
"n20","きあいだめ"
"n20","カウンター"
"n20","みだれひっかき"
"n20","しっぽをふる"
"n20","でんこうせっか"
"n20","きあいだめ"
"n20","かみつく"
"n20","いかりのまえば"
"n20","かみくだく"
"n20","ひっさつまえば"
"n20","ふいうち"
"n20","すてみタックル"
"n20","ずつき"
"n20","ちょうはつ"
"n20","ねむる"
"n20","まもる"
"n20","みがわり"
"n20","あなをほる"
"n20","からげんき"
"n20","でんじは"
"n20","とんぼがえり"
"n20","アイアンテール"
"n20","どくどく"
"n20","10まんボルト"
"n20","かみなり"
"n20","シャドーボール"
"n20","はかいこうせん"
"n20","ふぶき"
"n20","れいとうビーム"
"n20a","つるぎのまい"
"n20a","たいあたり"
"n20a","しっぽをふる"
"n20a","でんこうせっか"
"n20a","きあいだめ"
"n20a","カウンター"
"n20a","みだれひっかき"
"n20a","しっぽをふる"
"n20a","でんこうせっか"
"n20a","きあいだめ"
"n20a","かみつく"
"n20a","いかりのまえば"
"n20a","かみくだく"
"n20a","ひっさつまえば"
"n20a","ふいうち"
"n20a","すてみタックル"
"n20a","ずつき"
"n20a","ちょうはつ"
"n20a","ねむる"
"n20a","まもる"
"n20a","みがわり"
"n20a","あなをほる"
"n20a","からげんき"
"n20a","とんぼがえり"
"n20a","アイアンテール"
"n20a","あくのはどう"
"n20a","どくどく"
"n20a","ビルドアップ"
"n20a","シャドーボール"
"n20a","はかいこうせん"
"n20a","ふぶき"
"n20a","ヘドロばくだん"
"n20a","れいとうビーム"
"n21","つつく"
"n21","なきごえ"
"n21","にらみつける"
"n21","きあいだめ"
"n21","みだれづき"
"n21","オウムがえし"
"n21","はねやすめ"
"n21","こうそくいどう"
"n21","ドリルくちばし"
"n21","ずつき"
"n21","ねむる"
"n21","まもる"
"n21","みがわり"
"n21","からげんき"
"n21","そらをとぶ"
"n21","とんぼがえり"
"n21","どくどく"
"n21","トライアタック"
"n21","はねやすめ"
"n21","ドリルライナー"
"n22","つつく"
"n22","なきごえ"
"n22","にらみつける"
"n22","ドリルライナー"
"n22","ゴッドバード"
"n22","でんこうせっか"
"n22","きあいだめ"
"n22","なきごえ"
"n22","にらみつける"
"n22","きあいだめ"
"n22","みだれづき"
"n22","オウムがえし"
"n22","はねやすめ"
"n22","こうそくいどう"
"n22","ドリルくちばし"
"n22","ずつき"
"n22","ねむる"
"n22","まもる"
"n22","みがわり"
"n22","からげんき"
"n22","そらをとぶ"
"n22","とんぼがえり"
"n22","どくどく"
"n22","トライアタック"
"n22","はかいこうせん"
"n22","はねやすめ"
"n22","ドリルライナー"
"n23","まきつく"
"n23","どくばり"
"n23","にらみつける"
"n23","ようかいえき"
"n23","かみつく"
"n23","くろいきり"
"n23","へびにらみ"
"n23","どくづき"
"n23","たたきつける"
"n23","いやなおと"
"n23","どくどく"
"n23","ずつき"
"n23","ねむる"
"n23","まもる"
"n23","みがわり"
"n23","あなをほる"
"n23","からげんき"
"n23","アイアンテール"
"n23","あくのはどう"
"n23","いわなだれ"
"n23","どくづき"
"n23","どくどく"
"n23","じしん"
"n23","ヘドロばくだん"
"n23","メガドレイン"
"n24","かみくだく"
"n24","まきつく"
"n24","にらみつける"
"n24","どくばり"
"n24","かみくだく"
"n24","ふいうち"
"n24","ようかいえき"
"n24","にらみつける"
"n24","ようかいえき"
"n24","かみつく"
"n24","くろいきり"
"n24","へびにらみ"
"n24","どくづき"
"n24","たたきつける"
"n24","いやなおと"
"n24","どくどく"
"n24","ずつき"
"n24","ねむる"
"n24","まもる"
"n24","みがわり"
"n24","あなをほる"
"n24","からげんき"
"n24","ドラゴンテール"
"n24","アイアンテール"
"n24","あくのはどう"
"n24","いわなだれ"
"n24","どくづき"
"n24","どくどく"
"n24","じしん"
"n24","はかいこうせん"
"n24","ヘドロばくだん"
"n24","メガドレイン"
"n25","でんきショック"
"n25","なきごえ"
"n25","しっぽをふる"
"n25","でんこうせっか"
"n25","にどげり"
"n25","かげぶんしん"
"n25","でんじは"
"n25","ひかりのかべ"
"n25","10まんボルト"
"n25","たたきつける"
"n25","こうそくいどう"
"n25","かみなり"
"n25","ずつき"
"n25","てだすけ"
"n25","ねむる"
"n25","ひかりのかべ"
"n25","まもる"
"n25","みがわり"
"n25","リフレクター"
"n25","あなをほる"
"n25","からげんき"
"n25","かわらわり"
"n25","ちきゅうなげ"
"n25","でんじは"
"n25","アイアンテール"
"n25","かみなりパンチ"
"n25","どくどく"
"n25","めいそう"
"n25","10まんボルト"
"n25","かみなり"
"n25","ネコにこばん"
"n25b","でんきショック"
"n25b","なきごえ"
"n25b","しっぽをふる"
"n25b","でんこうせっか"
"n25b","にどげり"
"n25b","かげぶんしん"
"n25b","でんじは"
"n25b","ひかりのかべ"
"n25b","10まんボルト"
"n25b","たたきつける"
"n25b","こうそくいどう"
"n25b","かみなり"
"n25b","ずつき"
"n25b","てだすけ"
"n25b","ねむる"
"n25b","ひかりのかべ"
"n25b","まもる"
"n25b","みがわり"
"n25b","リフレクター"
"n25b","あなをほる"
"n25b","からげんき"
"n25b","かわらわり"
"n25b","ちきゅうなげ"
"n25b","でんじは"
"n25b","アイアンテール"
"n25b","かみなりパンチ"
"n25b","どくどく"
"n25b","めいそう"
"n25b","10まんボルト"
"n25b","かみなり"
"n25b","ネコにこばん"
"n25b","ばちばちアクセル"
"n25b","ざぶざぶサーフ"
"n25b","ふわふわフォール"
"n25b","ピカピカサンダー"
"n26","かみなりパンチ"
"n26","でんきショック"
"n26","しっぽをふる"
"n26","でんこうせっか"
"n26","なきごえ"
"n26","かみなりパンチ"
"n26","アンコール"
"n26","ねこだまし"
"n26","ずつき"
"n26","てだすけ"
"n26","ねむる"
"n26","ひかりのかべ"
"n26","まもる"
"n26","みがわり"
"n26","リフレクター"
"n26","あなをほる"
"n26","からげんき"
"n26","かわらわり"
"n26","ちきゅうなげ"
"n26","でんじは"
"n26","アイアンテール"
"n26","かみなりパンチ"
"n26","どくどく"
"n26","めいそう"
"n26","10まんボルト"
"n26","かみなり"
"n26","はかいこうせん"
"n26","ネコにこばん"
"n26","にどげり"
"n26","かげぶんしん"
"n26","たたきつける"
"n26","こうそくいどう"
"n26a","サイコキネシス"
"n26a","サイコキネシス"
"n26a","でんきショック"
"n26a","しっぽをふる"
"n26a","アンコール"
"n26a","ねこだまし"
"n26a","なきごえ"
"n26a","かげぶんしん"
"n26a","ずつき"
"n26a","てだすけ"
"n26a","テレポート"
"n26a","ねむる"
"n26a","ひかりのかべ"
"n26a","まもる"
"n26a","みがわり"
"n26a","リフレクター"
"n26a","あなをほる"
"n26a","からげんき"
"n26a","かわらわり"
"n26a","ちきゅうなげ"
"n26a","でんじは"
"n26a","アイアンテール"
"n26a","かみなりパンチ"
"n26a","どくどく"
"n26a","めいそう"
"n26a","10まんボルト"
"n26a","かみなり"
"n26a","サイコキネシス"
"n26a","はかいこうせん"
"n26a","ネコにこばん"
"n26a","でんこうせっか"
"n26a","にどげり"
"n26a","たたきつける"
"n26a","こうそくいどう"
"n27","ひっかく"
"n27","まるくなる"
"n27","どくばり"
"n27","すなかけ"
"n27","スピードスター"
"n27","みだれひっかき"
"n27","あなをほる"
"n27","まもる"
"n27","つるぎのまい"
"n27","きりさく"
"n27","じしん"
"n27","ずつき"
"n27","ねむる"
"n27","まもる"
"n27","みがわり"
"n27","あなをほる"
"n27","からげんき"
"n27","かわらわり"
"n27","ちきゅうなげ"
"n27","アイアンテール"
"n27","いわなだれ"
"n27","シザークロス"
"n27","どくづき"
"n27","どくどく"
"n27","じしん"
"n27","ステルスロック"
"n27a","ひっかく"
"n27a","まるくなる"
"n27a","がまん"
"n27a","こおりのつぶて"
"n27a","スピードスター"
"n27a","ミラーコート"
"n27a","みだれひっかき"
"n27a","れいとうパンチ"
"n27a","つるぎのまい"
"n27a","きりさく"
"n27a","ふぶき"
"n27a","ずつき"
"n27a","ねむる"
"n27a","まもる"
"n27a","みがわり"
"n27a","あなをほる"
"n27a","からげんき"
"n27a","かわらわり"
"n27a","ちきゅうなげ"
"n27a","アイアンテール"
"n27a","いわなだれ"
"n27a","シザークロス"
"n27a","どくづき"
"n27a","どくどく"
"n27a","れいとうパンチ"
"n27a","じしん"
"n27a","ふぶき"
"n27a","れいとうビーム"
"n27a","ステルスロック"
"n28","ひっかく"
"n28","まるくなる"
"n28","すなかけ"
"n28","どくばり"
"n28","カウンター"
"n28","どくばり"
"n28","すなかけ"
"n28","スピードスター"
"n28","みだれひっかき"
"n28","あなをほる"
"n28","まもる"
"n28","つるぎのまい"
"n28","きりさく"
"n28","じしん"
"n28","ずつき"
"n28","ねむる"
"n28","まもる"
"n28","みがわり"
"n28","あなをほる"
"n28","からげんき"
"n28","かわらわり"
"n28","ちきゅうなげ"
"n28","アイアンテール"
"n28","いわなだれ"
"n28","シザークロス"
"n28","どくづき"
"n28","どくどく"
"n28","じしん"
"n28","はかいこうせん"
"n28","ステルスロック"
"n28","ドリルライナー"
"n28a","まるくなる"
"n28a","カウンター"
"n28a","ひっかく"
"n28a","がまん"
"n28a","こおりのつぶて"
"n28a","ずつき"
"n28a","ねむる"
"n28a","まもる"
"n28a","みがわり"
"n28a","あなをほる"
"n28a","からげんき"
"n28a","かわらわり"
"n28a","ちきゅうなげ"
"n28a","アイアンテール"
"n28a","いわなだれ"
"n28a","シザークロス"
"n28a","どくづき"
"n28a","どくどく"
"n28a","れいとうパンチ"
"n28a","じしん"
"n28a","はかいこうせん"
"n28a","ふぶき"
"n28a","れいとうビーム"
"n28a","ステルスロック"
"n28a","ドリルライナー"
"n28a","スピードスター"
"n28a","ミラーコート"
"n28a","みだれひっかき"
"n28a","つるぎのまい"
"n28a","きりさく"
"n29","なきごえ"
"n29","ひっかく"
"n29","しっぽをふる"
"n29","どくばり"
"n29","にどげり"
"n29","かみつく"
"n29","てだすけ"
"n29","どくどく"
"n29","みだれひっかき"
"n29","かみくだく"
"n29","いかりのまえば"
"n29","ずつき"
"n29","てだすけ"
"n29","ねむる"
"n29","まもる"
"n29","みがわり"
"n29","リフレクター"
"n29","あなをほる"
"n29","からげんき"
"n29","アイアンテール"
"n29","どくづき"
"n29","どくどく"
"n29","10まんボルト"
"n29","かみなり"
"n29","ふぶき"
"n29","ヘドロばくだん"
"n29","れいとうビーム"
"n30","なきごえ"
"n30","ひっかく"
"n30","しっぽをふる"
"n30","どくばり"
"n30","しっぽをふる"
"n30","どくばり"
"n30","にどげり"
"n30","かみつく"
"n30","てだすけ"
"n30","どくどく"
"n30","みだれひっかき"
"n30","かみくだく"
"n30","いかりのまえば"
"n30","ずつき"
"n30","てだすけ"
"n30","ねむる"
"n30","まもる"
"n30","みがわり"
"n30","リフレクター"
"n30","あなをほる"
"n30","からげんき"
"n30","アイアンテール"
"n30","どくづき"
"n30","どくどく"
"n30","10まんボルト"
"n30","かみなり"
"n30","ふぶき"
"n30","ヘドロばくだん"
"n30","れいとうビーム"
"n31","のしかかり"
"n31","ひっかく"
"n31","しっぽをふる"
"n31","どくばり"
"n31","のしかかり"
"n31","ちょうおんぱ"
"n31","カウンター"
"n31","なきごえ"
"n31","ばかぢから"
"n31","ずつき"
"n31","ちょうはつ"
"n31","てだすけ"
"n31","ねむる"
"n31","まもる"
"n31","みがわり"
"n31","リフレクター"
"n31","あなをほる"
"n31","からげんき"
"n31","かわらわり"
"n31","ちきゅうなげ"
"n31","ドラゴンテール"
"n31","アイアンテール"
"n31","いわなだれ"
"n31","かみなりパンチ"
"n31","どくづき"
"n31","どくどく"
"n31","ほのおのパンチ"
"n31","りゅうのはどう"
"n31","れいとうパンチ"
"n31","10まんボルト"
"n31","かえんほうしゃ"
"n31","かみなり"
"n31","げきりん"
"n31","じしん"
"n31","シャドーボール"
"n31","だいもんじ"
"n31","なみのり"
"n31","はかいこうせん"
"n31","ばかぢから"
"n31","ふぶき"
"n31","ヘドロばくだん"
"n31","れいとうビーム"
"n31","ステルスロック"
"n31","ネコにこばん"
"n31","ドリルライナー"
"n31","にどげり"
"n31","かみつく"
"n31","みだれひっかき"
"n31","かみくだく"
"n31","いかりのまえば"
"n31","にどげり"
"n31","かみつく"
"n31","みだれひっかき"
"n31","かみくだく"
"n31","いかりのまえば"
"n32","にらみつける"
"n32","つつく"
"n32","きあいだめ"
"n32","どくばり"
"n32","にどげり"
"n32","つのでつく"
"n32","てだすけ"
"n32","どくどく"
"n32","みだれづき"
"n32","どくづき"
"n32","つのドリル"
"n32","ずつき"
"n32","てだすけ"
"n32","ねむる"
"n32","まもる"
"n32","みがわり"
"n32","リフレクター"
"n32","あなをほる"
"n32","からげんき"
"n32","アイアンテール"
"n32","どくづき"
"n32","どくどく"
"n32","10まんボルト"
"n32","かみなり"
"n32","ふぶき"
"n32","ヘドロばくだん"
"n32","れいとうビーム"
"n32","ドリルライナー"
"n33","にらみつける"
"n33","つつく"
"n33","きあいだめ"
"n33","どくばり"
"n33","きあいだめ"
"n33","どくばり"
"n33","にどげり"
"n33","つのでつく"
"n33","てだすけ"
"n33","どくどく"
"n33","みだれづき"
"n33","どくづき"
"n33","つのドリル"
"n33","ずつき"
"n33","てだすけ"
"n33","ねむる"
"n33","まもる"
"n33","みがわり"
"n33","リフレクター"
"n33","あなをほる"
"n33","からげんき"
"n33","アイアンテール"
"n33","どくづき"
"n33","どくどく"
"n33","10まんボルト"
"n33","かみなり"
"n33","ふぶき"
"n33","ヘドロばくだん"
"n33","れいとうビーム"
"n33","ドリルライナー"
"n34","あばれる"
"n34","つつく"
"n34","きあいだめ"
"n34","どくばり"
"n34","あばれる"
"n34","ちょうおんぱ"
"n34","カウンター"
"n34","にらみつける"
"n34","メガホーン"
"n34","ずつき"
"n34","ちょうはつ"
"n34","てだすけ"
"n34","ねむる"
"n34","まもる"
"n34","みがわり"
"n34","リフレクター"
"n34","あなをほる"
"n34","からげんき"
"n34","かわらわり"
"n34","ちきゅうなげ"
"n34","ドラゴンテール"
"n34","アイアンテール"
"n34","いわなだれ"
"n34","かみなりパンチ"
"n34","どくづき"
"n34","どくどく"
"n34","ほのおのパンチ"
"n34","りゅうのはどう"
"n34","れいとうパンチ"
"n34","10まんボルト"
"n34","かえんほうしゃ"
"n34","かみなり"
"n34","げきりん"
"n34","じしん"
"n34","シャドーボール"
"n34","だいもんじ"
"n34","なみのり"
"n34","はかいこうせん"
"n34","ばかぢから"
"n34","ふぶき"
"n34","ヘドロばくだん"
"n34","れいとうビーム"
"n34","ステルスロック"
"n34","ネコにこばん"
"n34","ドリルライナー"
"n34","メガホーン"
"n34","にどげり"
"n34","つのでつく"
"n34","みだれづき"
"n34","つのドリル"
"n34","にどげり"
"n34","つのでつく"
"n34","みだれづき"
"n34","つのドリル"
"n35","はたく"
"n35","なきごえ"
"n35","まるくなる"
"n35","うたう"
"n35","ちいさくなる"
"n35","おうふくビンタ"
"n35","ドわすれ"
"n35","ゆびをふる"
"n35","アンコール"
"n35","のしかかり"
"n35","ムーンフォース"
"n35","ずつき"
"n35","てだすけ"
"n35","テレポート"
"n35","ねむる"
"n35","ひかりのかべ"
"n35","まもる"
"n35","みがわり"
"n35","リフレクター"
"n35","あなをほる"
"n35","からげんき"
"n35","かわらわり"
"n35","ちきゅうなげ"
"n35","でんじは"
"n35","アイアンテール"
"n35","かみなりパンチ"
"n35","どくどく"
"n35","トライアタック"
"n35","ほのおのパンチ"
"n35","マジカルシャイン"
"n35","めいそう"
"n35","れいとうパンチ"
"n35","10まんボルト"
"n35","かえんほうしゃ"
"n35","かみなり"
"n35","サイコキネシス"
"n35","シャドーボール"
"n35","じゃれつく"
"n35","ソーラービーム"
"n35","だいもんじ"
"n35","ふぶき"
"n35","れいとうビーム"
"n35","ステルスロック"
"n35","ゆめくい"
"n36","ゆびをふる"
"n36","うたう"
"n36","ゆびをふる"
"n36","なきごえ"
"n36","はたく"
"n36","まるくなる"
"n36","ずつき"
"n36","てだすけ"
"n36","テレポート"
"n36","ねむる"
"n36","ひかりのかべ"
"n36","まもる"
"n36","みがわり"
"n36","リフレクター"
"n36","あなをほる"
"n36","からげんき"
"n36","かわらわり"
"n36","ちきゅうなげ"
"n36","でんじは"
"n36","アイアンテール"
"n36","かみなりパンチ"
"n36","どくどく"
"n36","トライアタック"
"n36","ほのおのパンチ"
"n36","マジカルシャイン"
"n36","めいそう"
"n36","れいとうパンチ"
"n36","10まんボルト"
"n36","かえんほうしゃ"
"n36","かみなり"
"n36","サイコキネシス"
"n36","シャドーボール"
"n36","じゃれつく"
"n36","ソーラービーム"
"n36","だいもんじ"
"n36","はかいこうせん"
"n36","ふぶき"
"n36","れいとうビーム"
"n36","ステルスロック"
"n36","ゆめくい"
"n36","ちいさくなる"
"n36","おうふくビンタ"
"n36","ドわすれ"
"n36","アンコール"
"n36","のしかかり"
"n36","ムーンフォース"
"n37","たいあたり"
"n37","しっぽをふる"
"n37","ひのこ"
"n37","でんこうせっか"
"n37","あやしいひかり"
"n37","おにび"
"n37","ほのおのうず"
"n37","かえんほうしゃ"
"n37","ほえる"
"n37","だいもんじ"
"n37","ずつき"
"n37","ねむる"
"n37","まもる"
"n37","みがわり"
"n37","リフレクター"
"n37","あなをほる"
"n37","おにび"
"n37","からげんき"
"n37","アイアンテール"
"n37","あくのはどう"
"n37","イカサマ"
"n37","どくどく"
"n37","かえんほうしゃ"
"n37","だいもんじ"
"n37a","たいあたり"
"n37a","しっぽをふる"
"n37a","しろいきり"
"n37a","こおりのつぶて"
"n37a","あやしいひかり"
"n37a","オーロラビーム"
"n37a","マジカルシャイン"
"n37a","れいとうビーム"
"n37a","ほえる"
"n37a","ふぶき"
"n37a","ずつき"
"n37a","ねむる"
"n37a","まもる"
"n37a","みがわり"
"n37a","リフレクター"
"n37a","あなをほる"
"n37a","からげんき"
"n37a","アイアンテール"
"n37a","あくのはどう"
"n37a","イカサマ"
"n37a","どくどく"
"n37a","マジカルシャイン"
"n37a","ふぶき"
"n37a","れいとうビーム"
"n38","わるだくみ"
"n38","ひのこ"
"n38","でんこうせっか"
"n38","しっぽをふる"
"n38","さいみんじゅつ"
"n38","たいあたり"
"n38","ずつき"
"n38","ねむる"
"n38","まもる"
"n38","みがわり"
"n38","リフレクター"
"n38","あなをほる"
"n38","おにび"
"n38","からげんき"
"n38","アイアンテール"
"n38","あくのはどう"
"n38","イカサマ"
"n38","どくどく"
"n38","めいそう"
"n38","かえんほうしゃ"
"n38","ソーラービーム"
"n38","だいもんじ"
"n38","はかいこうせん"
"n38","ゆめくい"
"n38","あやしいひかり"
"n38","ほのおのうず"
"n38","ほえる"
"n38a","わるだくみ"
"n38a","こおりのつぶて"
"n38a","さいみんじゅつ"
"n38a","たいあたり"
"n38a","しっぽをふる"
"n38a","しろいきり"
"n38a","ずつき"
"n38a","ねむる"
"n38a","まもる"
"n38a","みがわり"
"n38a","リフレクター"
"n38a","あなをほる"
"n38a","からげんき"
"n38a","アイアンテール"
"n38a","あくのはどう"
"n38a","イカサマ"
"n38a","どくどく"
"n38a","マジカルシャイン"
"n38a","めいそう"
"n38a","はかいこうせん"
"n38a","ふぶき"
"n38a","れいとうビーム"
"n38a","ゆめくい"
"n38a","あやしいひかり"
"n38a","オーロラビーム"
"n38a","ほえる"
"n39","うたう"
"n39","はたく"
"n39","まるくなる"
"n39","がまん"
"n39","おうふくビンタ"
"n39","かなしばり"
"n39","ねむる"
"n39","のしかかり"
"n39","ものまね"
"n39","すてみタックル"
"n39","ずつき"
"n39","てだすけ"
"n39","テレポート"
"n39","ねむる"
"n39","ひかりのかべ"
"n39","まもる"
"n39","みがわり"
"n39","リフレクター"
"n39","あなをほる"
"n39","からげんき"
"n39","かわらわり"
"n39","ちきゅうなげ"
"n39","でんじは"
"n39","かみなりパンチ"
"n39","どくどく"
"n39","トライアタック"
"n39","ほのおのパンチ"
"n39","マジカルシャイン"
"n39","れいとうパンチ"
"n39","10まんボルト"
"n39","かえんほうしゃ"
"n39","かみなり"
"n39","サイコキネシス"
"n39","シャドーボール"
"n39","じゃれつく"
"n39","ソーラービーム"
"n39","だいもんじ"
"n39","ふぶき"
"n39","れいとうビーム"
"n39","ステルスロック"
"n39","ゆめくい"
"n40","うたう"
"n40","はたく"
"n40","ちいさくなる"
"n40","がまん"
"n40","ずつき"
"n40","てだすけ"
"n40","テレポート"
"n40","ねむる"
"n40","ひかりのかべ"
"n40","まもる"
"n40","みがわり"
"n40","リフレクター"
"n40","あなをほる"
"n40","からげんき"
"n40","かわらわり"
"n40","ちきゅうなげ"
"n40","でんじは"
"n40","かみなりパンチ"
"n40","どくどく"
"n40","トライアタック"
"n40","ほのおのパンチ"
"n40","マジカルシャイン"
"n40","れいとうパンチ"
"n40","10まんボルト"
"n40","かえんほうしゃ"
"n40","かみなり"
"n40","サイコキネシス"
"n40","シャドーボール"
"n40","じゃれつく"
"n40","ソーラービーム"
"n40","だいもんじ"
"n40","はかいこうせん"
"n40","ふぶき"
"n40","れいとうビーム"
"n40","ステルスロック"
"n40","ゆめくい"
"n40","まるくなる"
"n40","おうふくビンタ"
"n40","かなしばり"
"n40","のしかかり"
"n40","ものまね"
"n40","すてみタックル"
"n41","すいとる"
"n41","ちょうおんぱ"
"n41","つばさでうつ"
"n41","かみつく"
"n41","スピードスター"
"n41","あやしいひかり"
"n41","くろいきり"
"n41","きゅうけつ"
"n41","どくどく"
"n41","エアスラッシュ"
"n41","ずつき"
"n41","ちょうはつ"
"n41","ねむる"
"n41","まもる"
"n41","みがわり"
"n41","からげんき"
"n41","そらをとぶ"
"n41","とんぼがえり"
"n41","どくどく"
"n41","シャドーボール"
"n41","はねやすめ"
"n41","ヘドロばくだん"
"n41","メガドレイン"
"n42","かみくだく"
"n42","ちょうおんぱ"
"n42","かみつく"
"n42","すいとる"
"n42","かみくだく"
"n42","ふきとばし"
"n42","でんこうせっか"
"n42","つばさでうつ"
"n42","つばさでうつ"
"n42","かみつく"
"n42","スピードスター"
"n42","あやしいひかり"
"n42","くろいきり"
"n42","きゅうけつ"
"n42","どくどく"
"n42","エアスラッシュ"
"n42","ずつき"
"n42","ちょうはつ"
"n42","ねむる"
"n42","まもる"
"n42","みがわり"
"n42","からげんき"
"n42","そらをとぶ"
"n42","とんぼがえり"
"n42","どくどく"
"n42","シャドーボール"
"n42","はかいこうせん"
"n42","はねやすめ"
"n42","ヘドロばくだん"
"n42","メガドレイン"
"n43","すいとる"
"n43","せいちょう"
"n43","ようかいえき"
"n43","どくのこな"
"n43","しびれごな"
"n43","ねむりごな"
"n43","はっぱカッター"
"n43","メガドレイン"
"n43","どくどく"
"n43","ムーンフォース"
"n43","ずつき"
"n43","ねむる"
"n43","まもる"
"n43","みがわり"
"n43","リフレクター"
"n43","からげんき"
"n43","どくどく"
"n43","マジカルシャイン"
"n43","ソーラービーム"
"n43","ヘドロばくだん"
"n43","メガドレイン"
"n44","すいとる"
"n44","ようかいえき"
"n44","せいちょう"
"n44","どくのこな"
"n44","せいちょう"
"n44","ようかいえき"
"n44","どくのこな"
"n44","しびれごな"
"n44","ねむりごな"
"n44","はっぱカッター"
"n44","メガドレイン"
"n44","どくどく"
"n44","ムーンフォース"
"n44","ずつき"
"n44","ねむる"
"n44","まもる"
"n44","みがわり"
"n44","リフレクター"
"n44","からげんき"
"n44","どくどく"
"n44","マジカルシャイン"
"n44","ソーラービーム"
"n44","ヘドロばくだん"
"n44","メガドレイン"
"n45","どくのこな"
"n45","ようかいえき"
"n45","すいとる"
"n45","ソーラービーム"
"n45","せいちょう"
"n45","はなびらのまい"
"n45","ずつき"
"n45","ねむる"
"n45","まもる"
"n45","みがわり"
"n45","リフレクター"
"n45","からげんき"
"n45","どくどく"
"n45","マジカルシャイン"
"n45","ソーラービーム"
"n45","はかいこうせん"
"n45","ヘドロばくだん"
"n45","メガドレイン"
"n45","しびれごな"
"n45","ねむりごな"
"n45","はっぱカッター"
"n45","ムーンフォース"
"n45","しびれごな"
"n45","ねむりごな"
"n45","はっぱカッター"
"n45","ムーンフォース"
"n46","ひっかく"
"n46","ねむりごな"
"n46","しびれごな"
"n46","どくのこな"
"n46","すいとる"
"n46","せいちょう"
"n46","みだれひっかき"
"n46","きりさく"
"n46","きゅうけつ"
"n46","キノコのほうし"
"n46","シザークロス"
"n46","ずつき"
"n46","ねむる"
"n46","ひかりのかべ"
"n46","まもる"
"n46","みがわり"
"n46","リフレクター"
"n46","あなをほる"
"n46","からげんき"
"n46","かわらわり"
"n46","シザークロス"
"n46","どくどく"
"n46","ソーラービーム"
"n46","ヘドロばくだん"
"n46","メガドレイン"
"n47","ひっかく"
"n47","しびれごな"
"n47","どくのこな"
"n47","やどりぎのタネ"
"n47","いやなおと"
"n47","ねむりごな"
"n47","ねむりごな"
"n47","しびれごな"
"n47","どくのこな"
"n47","すいとる"
"n47","せいちょう"
"n47","みだれひっかき"
"n47","きりさく"
"n47","きゅうけつ"
"n47","キノコのほうし"
"n47","シザークロス"
"n47","ずつき"
"n47","ねむる"
"n47","ひかりのかべ"
"n47","まもる"
"n47","みがわり"
"n47","リフレクター"
"n47","あなをほる"
"n47","からげんき"
"n47","かわらわり"
"n47","シザークロス"
"n47","どくどく"
"n47","ソーラービーム"
"n47","はかいこうせん"
"n47","ヘドロばくだん"
"n47","メガドレイン"
"n48","たいあたり"
"n48","かなしばり"
"n48","ちょうおんぱ"
"n48","ねんりき"
"n48","どくのこな"
"n48","しびれごな"
"n48","サイケこうせん"
"n48","ねむりごな"
"n48","きゅうけつ"
"n48","サイコキネシス"
"n48","ずつき"
"n48","ねむる"
"n48","まもる"
"n48","みがわり"
"n48","リフレクター"
"n48","からげんき"
"n48","どくどく"
"n48","サイコキネシス"
"n48","ソーラービーム"
"n48","ヘドロばくだん"
"n48","メガドレイン"
"n49","かぜおこし"
"n49","たいあたり"
"n49","かなしばり"
"n49","ちょうおんぱ"
"n49","かぜおこし"
"n49","ねんりき"
"n49","こうそくいどう"
"n49","いやなおと"
"n49","かなしばり"
"n49","ちょうおんぱ"
"n49","ねんりき"
"n49","どくのこな"
"n49","しびれごな"
"n49","サイケこうせん"
"n49","ねむりごな"
"n49","きゅうけつ"
"n49","サイコキネシス"
"n49","むしのさざめき"
"n49","ちょうのまい"
"n49","ずつき"
"n49","テレポート"
"n49","ねむる"
"n49","まもる"
"n49","みがわり"
"n49","リフレクター"
"n49","からげんき"
"n49","とんぼがえり"
"n49","どくどく"
"n49","サイコキネシス"
"n49","ソーラービーム"
"n49","はかいこうせん"
"n49","はねやすめ"
"n49","ヘドロばくだん"
"n49","メガドレイン"
"n49","ゆめくい"
"n50","ひっかく"
"n50","すなかけ"
"n50","なきごえ"
"n50","こうそくいどう"
"n50","みだれひっかき"
"n50","あなをほる"
"n50","きりさく"
"n50","ふいうち"
"n50","じしん"
"n50","じわれ"
"n50","ずつき"
"n50","ねむる"
"n50","まもる"
"n50","みがわり"
"n50","あなをほる"
"n50","からげんき"
"n50","いわなだれ"
"n50","どくどく"
"n50","じしん"
"n50","ヘドロばくだん"
"n50","ステルスロック"
"n50a","ひっかく"
"n50a","すなかけ"
"n50a","なきごえ"
"n50a","こうそくいどう"
"n50a","みだれひっかき"
"n50a","あなをほる"
"n50a","きりさく"
"n50a","ふいうち"
"n50a","じしん"
"n50a","じわれ"
"n50a","ずつき"
"n50a","ねむる"
"n50a","まもる"
"n50a","みがわり"
"n50a","あなをほる"
"n50a","からげんき"
"n50a","いわなだれ"
"n50a","どくどく"
"n50a","じしん"
"n50a","ヘドロばくだん"
"n50a","ラスターカノン"
"n50a","ステルスロック"
"n51","トライアタック"
"n51","トライアタック"
"n51","ひっかく"
"n51","すなかけ"
"n51","なきごえ"
"n51","いやなおと"
"n51","こうそくいどう"
"n51","すなかけ"
"n51","なきごえ"
"n51","こうそくいどう"
"n51","みだれひっかき"
"n51","あなをほる"
"n51","きりさく"
"n51","ふいうち"
"n51","じしん"
"n51","じわれ"
"n51","ずつき"
"n51","ねむる"
"n51","まもる"
"n51","みがわり"
"n51","あなをほる"
"n51","からげんき"
"n51","いわなだれ"
"n51","どくどく"
"n51","トライアタック"
"n51","じしん"
"n51","はかいこうせん"
"n51","ヘドロばくだん"
"n51","ステルスロック"
"n51a","トライアタック"
"n51a","トライアタック"
"n51a","すなかけ"
"n51a","なきごえ"
"n51a","いやなおと"
"n51a","ひっかく"
"n51a","こうそくいどう"
"n51a","すなかけ"
"n51a","なきごえ"
"n51a","こうそくいどう"
"n51a","みだれひっかき"
"n51a","あなをほる"
"n51a","きりさく"
"n51a","ふいうち"
"n51a","じしん"
"n51a","じわれ"
"n51a","ずつき"
"n51a","ねむる"
"n51a","まもる"
"n51a","みがわり"
"n51a","あなをほる"
"n51a","からげんき"
"n51a","いわなだれ"
"n51a","どくどく"
"n51a","トライアタック"
"n51a","じしん"
"n51a","はかいこうせん"
"n51a","ヘドロばくだん"
"n51a","ラスターカノン"
"n51a","ステルスロック"
"n52","ひっかく"
"n52","なきごえ"
"n52","かみつく"
"n52","ねこだまし"
"n52","かみつく"
"n52","ねこだまし"
"n52","ちょうはつ"
"n52","ネコにこばん"
"n52","フェイント"
"n52","みだれひっかき"
"n52","いやなおと"
"n52","きりさく"
"n52","わるだくみ"
"n52","じゃれつく"
"n52","ずつき"
"n52","ちょうはつ"
"n52","ねむる"
"n52","まもる"
"n52","みがわり"
"n52","あなをほる"
"n52","からげんき"
"n52","とんぼがえり"
"n52","アイアンテール"
"n52","あくのはどう"
"n52","イカサマ"
"n52","どくどく"
"n52","10まんボルト"
"n52","かみなり"
"n52","シャドーボール"
"n52","じゃれつく"
"n52","ネコにこばん"
"n52a","ひっかく"
"n52a","なきごえ"
"n52a","かみつく"
"n52a","ねこだまし"
"n52a","かみつく"
"n52a","ねこだまし"
"n52a","ちょうはつ"
"n52a","ネコにこばん"
"n52a","フェイント"
"n52a","みだれひっかき"
"n52a","いやなおと"
"n52a","きりさく"
"n52a","わるだくみ"
"n52a","じゃれつく"
"n52a","ずつき"
"n52a","ちょうはつ"
"n52a","ねむる"
"n52a","まもる"
"n52a","みがわり"
"n52a","からげんき"
"n52a","とんぼがえり"
"n52a","アイアンテール"
"n52a","あくのはどう"
"n52a","イカサマ"
"n52a","どくどく"
"n52a","10まんボルト"
"n52a","かみなり"
"n52a","シャドーボール"
"n52a","じゃれつく"
"n52a","ネコにこばん"
"n52a","ゆめくい"
"n53","スピードスター"
"n53","ひっかく"
"n53","なきごえ"
"n53","かみつく"
"n53","ねこだまし"
"n53","スピードスター"
"n53","ドわすれ"
"n53","さいみんじゅつ"
"n53","かみつく"
"n53","ねこだまし"
"n53","ちょうはつ"
"n53","ネコにこばん"
"n53","フェイント"
"n53","みだれひっかき"
"n53","いやなおと"
"n53","きりさく"
"n53","わるだくみ"
"n53","じゃれつく"
"n53","ずつき"
"n53","ちょうはつ"
"n53","ねむる"
"n53","まもる"
"n53","みがわり"
"n53","あなをほる"
"n53","からげんき"
"n53","とんぼがえり"
"n53","アイアンテール"
"n53","あくのはどう"
"n53","イカサマ"
"n53","どくどく"
"n53","10まんボルト"
"n53","かみなり"
"n53","シャドーボール"
"n53","じゃれつく"
"n53","はかいこうせん"
"n53","ネコにこばん"
"n53","ゆめくい"
"n53a","スピードスター"
"n53a","スピードスター"
"n53a","ひっかく"
"n53a","なきごえ"
"n53a","かみつく"
"n53a","ねこだまし"
"n53a","ドわすれ"
"n53a","さいみんじゅつ"
"n53a","かみつく"
"n53a","ねこだまし"
"n53a","ちょうはつ"
"n53a","ネコにこばん"
"n53a","フェイント"
"n53a","みだれひっかき"
"n53a","いやなおと"
"n53a","きりさく"
"n53a","わるだくみ"
"n53a","じゃれつく"
"n53a","ずつき"
"n53a","ちょうはつ"
"n53a","ねむる"
"n53a","まもる"
"n53a","みがわり"
"n53a","からげんき"
"n53a","とんぼがえり"
"n53a","アイアンテール"
"n53a","あくのはどう"
"n53a","イカサマ"
"n53a","どくどく"
"n53a","10まんボルト"
"n53a","かみなり"
"n53a","シャドーボール"
"n53a","じゃれつく"
"n53a","はかいこうせん"
"n53a","ネコにこばん"
"n53a","ゆめくい"
"n54","ひっかく"
"n54","しっぽをふる"
"n54","みずでっぽう"
"n54","ねんりき"
"n54","みだれひっかき"
"n54","かなしばり"
"n54","サイケこうせん"
"n54","いやなおと"
"n54","なみのり"
"n54","ドわすれ"
"n54","ハイドロポンプ"
"n54","ずつき"
"n54","ねむる"
"n54","ひかりのかべ"
"n54","まもる"
"n54","みがわり"
"n54","あなをほる"
"n54","からげんき"
"n54","かわらわり"
"n54","ちきゅうなげ"
"n54","アイアンテール"
"n54","たきのぼり"
"n54","どくどく"
"n54","ねっとう"
"n54","めいそう"
"n54","れいとうパンチ"
"n54","サイコキネシス"
"n54","なみのり"
"n54","ふぶき"
"n54","れいとうビーム"
"n54","ネコにこばん"
"n55","ひっかく"
"n55","しっぽをふる"
"n55","みずでっぽう"
"n55","ねんりき"
"n55","あくび"
"n55","アンコール"
"n55","しっぽをふる"
"n55","みずでっぽう"
"n55","ねんりき"
"n55","みだれひっかき"
"n55","かなしばり"
"n55","サイケこうせん"
"n55","いやなおと"
"n55","なみのり"
"n55","ドわすれ"
"n55","ハイドロポンプ"
"n55","ずつき"
"n55","ねむる"
"n55","ひかりのかべ"
"n55","まもる"
"n55","みがわり"
"n55","あなをほる"
"n55","からげんき"
"n55","かわらわり"
"n55","ちきゅうなげ"
"n55","アイアンテール"
"n55","たきのぼり"
"n55","どくどく"
"n55","ねっとう"
"n55","めいそう"
"n55","れいとうパンチ"
"n55","サイコキネシス"
"n55","なみのり"
"n55","はかいこうせん"
"n55","ふぶき"
"n55","れいとうビーム"
"n55","ネコにこばん"
"n56","ひっかく"
"n56","にらみつける"
"n56","きあいだめ"
"n56","ちょうはつ"
"n56","からてチョップ"
"n56","みだれひっかき"
"n56","けたぐり"
"n56","ちきゅうなげ"
"n56","とんぼがえり"
"n56","いやなおと"
"n56","あばれる"
"n56","げきりん"
"n56","ずつき"
"n56","ちょうはつ"
"n56","てだすけ"
"n56","ねむる"
"n56","まもる"
"n56","みがわり"
"n56","あなをほる"
"n56","からげんき"
"n56","かわらわり"
"n56","ちきゅうなげ"
"n56","とんぼがえり"
"n56","アイアンテール"
"n56","いわなだれ"
"n56","かみなりパンチ"
"n56","どくづき"
"n56","どくどく"
"n56","ビルドアップ"
"n56","ほのおのパンチ"
"n56","れいとうパンチ"
"n56","10まんボルト"
"n56","かみなり"
"n56","げきりん"
"n56","じしん"
"n56","ネコにこばん"
"n57","いかり"
"n57","ひっかく"
"n57","にらみつける"
"n57","きあいだめ"
"n57","いかり"
"n57","アンコール"
"n57","カウンター"
"n57","ちょうはつ"
"n57","きあいだめ"
"n57","ちょうはつ"
"n57","からてチョップ"
"n57","みだれひっかき"
"n57","けたぐり"
"n57","ちきゅうなげ"
"n57","とんぼがえり"
"n57","いやなおと"
"n57","あばれる"
"n57","げきりん"
"n57","ずつき"
"n57","ちょうはつ"
"n57","てだすけ"
"n57","ねむる"
"n57","まもる"
"n57","みがわり"
"n57","あなをほる"
"n57","からげんき"
"n57","かわらわり"
"n57","ちきゅうなげ"
"n57","とんぼがえり"
"n57","アイアンテール"
"n57","いわなだれ"
"n57","かみなりパンチ"
"n57","どくづき"
"n57","どくどく"
"n57","ビルドアップ"
"n57","ほのおのパンチ"
"n57","れいとうパンチ"
"n57","10まんボルト"
"n57","かみなり"
"n57","げきりん"
"n57","じしん"
"n57","はかいこうせん"
"n57","ネコにこばん"
"n58","かみつく"
"n58","ほえる"
"n58","ひのこ"
"n58","にらみつける"
"n58","てだすけ"
"n58","とっしん"
"n58","かえんほうしゃ"
"n58","こうそくいどう"
"n58","ねっぷう"
"n58","かみくだく"
"n58","げきりん"
"n58","じゃれつく"
"n58","フレアドライブ"
"n58","ずつき"
"n58","てだすけ"
"n58","ねむる"
"n58","まもる"
"n58","みがわり"
"n58","リフレクター"
"n58","あなをほる"
"n58","おにび"
"n58","からげんき"
"n58","アイアンテール"
"n58","どくどく"
"n58","かえんほうしゃ"
"n58","げきりん"
"n58","じゃれつく"
"n58","だいもんじ"
"n59","かみつく"
"n59","ほえる"
"n59","にらみつける"
"n59","ひのこ"
"n59","すてみタックル"
"n59","ずつき"
"n59","てだすけ"
"n59","テレポート"
"n59","ねむる"
"n59","まもる"
"n59","みがわり"
"n59","リフレクター"
"n59","あなをほる"
"n59","おにび"
"n59","からげんき"
"n59","アイアンテール"
"n59","どくどく"
"n59","りゅうのはどう"
"n59","かえんほうしゃ"
"n59","げきりん"
"n59","じゃれつく"
"n59","ソーラービーム"
"n59","だいもんじ"
"n59","はかいこうせん"
"n59","ばかぢから"
"n59","とっしん"
"n59","こうそくいどう"
"n59","ねっぷう"
"n59","かみくだく"
"n59","フレアドライブ"
"n60","あわ"
"n60","はたく"
"n60","さいみんじゅつ"
"n60","みずでっぽう"
"n60","おうふくビンタ"
"n60","バブルこうせん"
"n60","けたぐり"
"n60","のしかかり"
"n60","ハイドロポンプ"
"n60","ずつき"
"n60","てだすけ"
"n60","ねむる"
"n60","まもる"
"n60","みがわり"
"n60","あなをほる"
"n60","からげんき"
"n60","たきのぼり"
"n60","どくどく"
"n60","ねっとう"
"n60","サイコキネシス"
"n60","なみのり"
"n60","ふぶき"
"n60","れいとうビーム"
"n61","あわ"
"n61","さいみんじゅつ"
"n61","みずでっぽう"
"n61","はたく"
"n61","はたく"
"n61","さいみんじゅつ"
"n61","みずでっぽう"
"n61","おうふくビンタ"
"n61","バブルこうせん"
"n61","けたぐり"
"n61","のしかかり"
"n61","ハイドロポンプ"
"n61","ずつき"
"n61","てだすけ"
"n61","ねむる"
"n61","まもる"
"n61","みがわり"
"n61","あなをほる"
"n61","からげんき"
"n61","かわらわり"
"n61","ちきゅうなげ"
"n61","たきのぼり"
"n61","どくどく"
"n61","ねっとう"
"n61","れいとうパンチ"
"n61","サイコキネシス"
"n61","じしん"
"n61","なみのり"
"n61","ふぶき"
"n61","れいとうビーム"
"n62","じごくぐるま"
"n62","さいみんじゅつ"
"n62","じごくぐるま"
"n62","みずでっぽう"
"n62","しろいきり"
"n62","くろいきり"
"n62","ビルドアップ"
"n62","あわ"
"n62","はたく"
"n62","ばかぢから"
"n62","ずつき"
"n62","てだすけ"
"n62","ねむる"
"n62","まもる"
"n62","みがわり"
"n62","あなをほる"
"n62","からげんき"
"n62","かわらわり"
"n62","ちきゅうなげ"
"n62","いわなだれ"
"n62","たきのぼり"
"n62","どくづき"
"n62","どくどく"
"n62","ねっとう"
"n62","ビルドアップ"
"n62","れいとうパンチ"
"n62","サイコキネシス"
"n62","じしん"
"n62","なみのり"
"n62","はかいこうせん"
"n62","ばかぢから"
"n62","ふぶき"
"n62","れいとうビーム"
"n62","おうふくビンタ"
"n62","バブルこうせん"
"n62","けたぐり"
"n62","のしかかり"
"n62","ハイドロポンプ"
"n62","おうふくビンタ"
"n62","バブルこうせん"
"n62","けたぐり"
"n62","のしかかり"
"n62","ハイドロポンプ"
"n63","テレポート"
"n63","ずつき"
"n63","ちょうはつ"
"n63","テレポート"
"n63","ねむる"
"n63","ひかりのかべ"
"n63","まもる"
"n63","みがわり"
"n63","リフレクター"
"n63","からげんき"
"n63","ちきゅうなげ"
"n63","でんじは"
"n63","アイアンテール"
"n63","イカサマ"
"n63","かみなりパンチ"
"n63","どくどく"
"n63","トライアタック"
"n63","ほのおのパンチ"
"n63","マジカルシャイン"
"n63","めいそう"
"n63","れいとうパンチ"
"n63","サイコキネシス"
"n63","シャドーボール"
"n63","ゆめくい"
"n64","スプーンまげ"
"n64","サイケこうせん"
"n64","テレポート"
"n64","スプーンまげ"
"n64","ねんりき"
"n64","かなしばり"
"n64","サイケこうせん"
"n64","フラッシュ"
"n64","かなしばり"
"n64","フラッシュ"
"n64","ナイトヘッド"
"n64","みがわり"
"n64","リフレクター"
"n64","じこさいせい"
"n64","サイコキネシス"
"n64","ずつき"
"n64","ちょうはつ"
"n64","テレポート"
"n64","ねむる"
"n64","ひかりのかべ"
"n64","まもる"
"n64","みがわり"
"n64","リフレクター"
"n64","あなをほる"
"n64","からげんき"
"n64","ちきゅうなげ"
"n64","でんじは"
"n64","アイアンテール"
"n64","イカサマ"
"n64","かみなりパンチ"
"n64","どくどく"
"n64","トライアタック"
"n64","ほのおのパンチ"
"n64","マジカルシャイン"
"n64","めいそう"
"n64","れいとうパンチ"
"n64","サイコキネシス"
"n64","シャドーボール"
"n64","ゆめくい"
"n65","めいそう"
"n65","テレポート"
"n65","スプーンまげ"
"n65","ねんりき"
"n65","かなしばり"
"n65","めいそう"
"n65","サイケこうせん"
"n65","バリアー"
"n65","アンコール"
"n65","フラッシュ"
"n65","かなしばり"
"n65","フラッシュ"
"n65","ナイトヘッド"
"n65","みがわり"
"n65","リフレクター"
"n65","じこさいせい"
"n65","サイコキネシス"
"n65","ずつき"
"n65","ちょうはつ"
"n65","テレポート"
"n65","ねむる"
"n65","ひかりのかべ"
"n65","まもる"
"n65","みがわり"
"n65","リフレクター"
"n65","あなをほる"
"n65","からげんき"
"n65","ちきゅうなげ"
"n65","でんじは"
"n65","アイアンテール"
"n65","イカサマ"
"n65","かみなりパンチ"
"n65","どくどく"
"n65","トライアタック"
"n65","ほのおのパンチ"
"n65","マジカルシャイン"
"n65","めいそう"
"n65","れいとうパンチ"
"n65","サイコキネシス"
"n65","シャドーボール"
"n65","はかいこうせん"
"n65","ゆめくい"
"n65m","めいそう"
"n65m","テレポート"
"n65m","スプーンまげ"
"n65m","ねんりき"
"n65m","かなしばり"
"n65m","めいそう"
"n65m","サイケこうせん"
"n65m","バリアー"
"n65m","アンコール"
"n65m","フラッシュ"
"n65m","かなしばり"
"n65m","フラッシュ"
"n65m","ナイトヘッド"
"n65m","みがわり"
"n65m","リフレクター"
"n65m","じこさいせい"
"n65m","サイコキネシス"
"n65m","ずつき"
"n65m","ちょうはつ"
"n65m","テレポート"
"n65m","ねむる"
"n65m","ひかりのかべ"
"n65m","まもる"
"n65m","みがわり"
"n65m","リフレクター"
"n65m","あなをほる"
"n65m","からげんき"
"n65m","ちきゅうなげ"
"n65m","でんじは"
"n65m","アイアンテール"
"n65m","イカサマ"
"n65m","かみなりパンチ"
"n65m","どくどく"
"n65m","トライアタック"
"n65m","ほのおのパンチ"
"n65m","マジカルシャイン"
"n65m","めいそう"
"n65m","れいとうパンチ"
"n65m","サイコキネシス"
"n65m","シャドーボール"
"n65m","はかいこうせん"
"n65m","ゆめくい"
"n66","けたぐり"
"n66","にらみつける"
"n66","きあいだめ"
"n66","がまん"
"n66","ちきゅうなげ"
"n66","からてチョップ"
"n66","かわらわり"
"n66","じごくぐるま"
"n66","ビルドアップ"
"n66","ばかぢから"
"n66","ずつき"
"n66","てだすけ"
"n66","ねむる"
"n66","ひかりのかべ"
"n66","まもる"
"n66","みがわり"
"n66","あなをほる"
"n66","からげんき"
"n66","かわらわり"
"n66","ちきゅうなげ"
"n66","いわなだれ"
"n66","かみなりパンチ"
"n66","どくづき"
"n66","どくどく"
"n66","ビルドアップ"
"n66","ほのおのパンチ"
"n66","れいとうパンチ"
"n66","かえんほうしゃ"
"n66","じしん"
"n66","だいもんじ"
"n66","ばかぢから"
"n67","けたぐり"
"n67","にらみつける"
"n67","きあいだめ"
"n67","がまん"
"n67","きあいだめ"
"n67","がまん"
"n67","ちきゅうなげ"
"n67","からてチョップ"
"n67","かわらわり"
"n67","じごくぐるま"
"n67","ビルドアップ"
"n67","ばかぢから"
"n67","ずつき"
"n67","てだすけ"
"n67","ねむる"
"n67","ひかりのかべ"
"n67","まもる"
"n67","みがわり"
"n67","あなをほる"
"n67","からげんき"
"n67","かわらわり"
"n67","ちきゅうなげ"
"n67","いわなだれ"
"n67","かみなりパンチ"
"n67","どくづき"
"n67","どくどく"
"n67","ビルドアップ"
"n67","ほのおのパンチ"
"n67","れいとうパンチ"
"n67","かえんほうしゃ"
"n67","じしん"
"n67","だいもんじ"
"n67","ばかぢから"
"n68","かいりき"
"n68","けたぐり"
"n68","にらみつける"
"n68","きあいだめ"
"n68","かいりき"
"n68","アンコール"
"n68","カウンター"
"n68","がまん"
"n68","きあいだめ"
"n68","がまん"
"n68","ちきゅうなげ"
"n68","からてチョップ"
"n68","かわらわり"
"n68","じごくぐるま"
"n68","ビルドアップ"
"n68","ばかぢから"
"n68","ずつき"
"n68","てだすけ"
"n68","ねむる"
"n68","ひかりのかべ"
"n68","まもる"
"n68","みがわり"
"n68","あなをほる"
"n68","からげんき"
"n68","かわらわり"
"n68","ちきゅうなげ"
"n68","いわなだれ"
"n68","かみなりパンチ"
"n68","どくづき"
"n68","どくどく"
"n68","ビルドアップ"
"n68","ほのおのパンチ"
"n68","れいとうパンチ"
"n68","かえんほうしゃ"
"n68","じしん"
"n68","だいもんじ"
"n68","はかいこうせん"
"n68","ばかぢから"
"n69","つるのムチ"
"n69","せいちょう"
"n69","まきつく"
"n69","ようかいえき"
"n69","ねむりごな"
"n69","どくのこな"
"n69","しびれごな"
"n69","はっぱカッター"
"n69","どくづき"
"n69","たたきつける"
"n69","ずつき"
"n69","ねむる"
"n69","まもる"
"n69","みがわり"
"n69","リフレクター"
"n69","からげんき"
"n69","どくづき"
"n69","どくどく"
"n69","ソーラービーム"
"n69","ヘドロばくだん"
"n69","メガドレイン"
"n70","つるのムチ"
"n70","せいちょう"
"n70","まきつく"
"n70","ようかいえき"
"n70","せいちょう"
"n70","まきつく"
"n70","ようかいえき"
"n70","ねむりごな"
"n70","どくのこな"
"n70","しびれごな"
"n70","はっぱカッター"
"n70","どくづき"
"n70","たたきつける"
"n70","ずつき"
"n70","ねむる"
"n70","まもる"
"n70","みがわり"
"n70","リフレクター"
"n70","からげんき"
"n70","どくづき"
"n70","どくどく"
"n70","ソーラービーム"
"n70","ヘドロばくだん"
"n70","メガドレイン"
"n71","つるのムチ"
"n71","パワーウィップ"
"n71","クリアスモッグ"
"n71","きゅうけつ"
"n71","つるぎのまい"
"n71","ふいうち"
"n71","せいちょう"
"n71","まきつく"
"n71","ようかいえき"
"n71","パワーウィップ"
"n71","ずつき"
"n71","ねむる"
"n71","まもる"
"n71","みがわり"
"n71","リフレクター"
"n71","からげんき"
"n71","どくづき"
"n71","どくどく"
"n71","ソーラービーム"
"n71","はかいこうせん"
"n71","ヘドロばくだん"
"n71","メガドレイン"
"n71","ねむりごな"
"n71","どくのこな"
"n71","しびれごな"
"n71","はっぱカッター"
"n71","たたきつける"
"n71","ねむりごな"
"n71","どくのこな"
"n71","しびれごな"
"n71","はっぱカッター"
"n71","たたきつける"
"n72","どくばり"
"n72","からみつく"
"n72","ちょうおんぱ"
"n72","ようかいえき"
"n72","バブルこうせん"
"n72","まきつく"
"n72","なみのり"
"n72","バリアー"
"n72","どくづき"
"n72","いやなおと"
"n72","ハイドロポンプ"
"n72","ずつき"
"n72","ねむる"
"n72","まもる"
"n72","みがわり"
"n72","リフレクター"
"n72","からげんき"
"n72","たきのぼり"
"n72","どくづき"
"n72","どくどく"
"n72","ねっとう"
"n72","マジカルシャイン"
"n72","なみのり"
"n72","ふぶき"
"n72","ヘドロばくだん"
"n72","メガドレイン"
"n72","れいとうビーム"
"n73","どくばり"
"n73","ちょうおんぱ"
"n73","からみつく"
"n73","ようかいえき"
"n73","くろいきり"
"n73","ミラーコート"
"n73","からみつく"
"n73","ちょうおんぱ"
"n73","ようかいえき"
"n73","バブルこうせん"
"n73","まきつく"
"n73","なみのり"
"n73","バリアー"
"n73","どくづき"
"n73","いやなおと"
"n73","ハイドロポンプ"
"n73","ずつき"
"n73","ねむる"
"n73","まもる"
"n73","みがわり"
"n73","リフレクター"
"n73","からげんき"
"n73","たきのぼり"
"n73","どくづき"
"n73","どくどく"
"n73","ねっとう"
"n73","マジカルシャイン"
"n73","なみのり"
"n73","はかいこうせん"
"n73","ふぶき"
"n73","ヘドロばくだん"
"n73","メガドレイン"
"n73","れいとうビーム"
"n74","たいあたり"
"n74","まるくなる"
"n74","すなかけ"
"n74","がまん"
"n74","いわおとし"
"n74","ステルスロック"
"n74","とっしん"
"n74","じばく"
"n74","いわなだれ"
"n74","じしん"
"n74","すてみタックル"
"n74","だいばくはつ"
"n74","ずつき"
"n74","ねむる"
"n74","まもる"
"n74","みがわり"
"n74","あなをほる"
"n74","からげんき"
"n74","かわらわり"
"n74","ちきゅうなげ"
"n74","いわなだれ"
"n74","かみなりパンチ"
"n74","どくどく"
"n74","ほのおのパンチ"
"n74","かえんほうしゃ"
"n74","じしん"
"n74","じばく"
"n74","だいもんじ"
"n74","ばかぢから"
"n74","ステルスロック"
"n74a","たいあたり"
"n74a","まるくなる"
"n74a","でんきショック"
"n74a","がまん"
"n74a","いわおとし"
"n74a","ステルスロック"
"n74a","とっしん"
"n74a","じばく"
"n74a","いわなだれ"
"n74a","かみなりパンチ"
"n74a","すてみタックル"
"n74a","だいばくはつ"
"n74a","ずつき"
"n74a","ねむる"
"n74a","まもる"
"n74a","みがわり"
"n74a","あなをほる"
"n74a","からげんき"
"n74a","かわらわり"
"n74a","ちきゅうなげ"
"n74a","でんじは"
"n74a","いわなだれ"
"n74a","かみなりパンチ"
"n74a","どくどく"
"n74a","ほのおのパンチ"
"n74a","10まんボルト"
"n74a","かえんほうしゃ"
"n74a","かみなり"
"n74a","じしん"
"n74a","じばく"
"n74a","だいもんじ"
"n74a","ばかぢから"
"n74a","ステルスロック"
"n75","たいあたり"
"n75","まるくなる"
"n75","すなかけ"
"n75","がまん"
"n75","すなかけ"
"n75","がまん"
"n75","いわおとし"
"n75","ステルスロック"
"n75","とっしん"
"n75","じばく"
"n75","いわなだれ"
"n75","じしん"
"n75","すてみタックル"
"n75","だいばくはつ"
"n75","ずつき"
"n75","ねむる"
"n75","まもる"
"n75","みがわり"
"n75","あなをほる"
"n75","からげんき"
"n75","かわらわり"
"n75","ちきゅうなげ"
"n75","いわなだれ"
"n75","かみなりパンチ"
"n75","どくどく"
"n75","ほのおのパンチ"
"n75","かえんほうしゃ"
"n75","じしん"
"n75","じばく"
"n75","だいもんじ"
"n75","ばかぢから"
"n75","ステルスロック"
"n75a","たいあたり"
"n75a","まるくなる"
"n75a","でんきショック"
"n75a","がまん"
"n75a","でんきショック"
"n75a","がまん"
"n75a","いわおとし"
"n75a","ステルスロック"
"n75a","とっしん"
"n75a","じばく"
"n75a","いわなだれ"
"n75a","かみなりパンチ"
"n75a","すてみタックル"
"n75a","だいばくはつ"
"n75a","ずつき"
"n75a","ねむる"
"n75a","まもる"
"n75a","みがわり"
"n75a","あなをほる"
"n75a","からげんき"
"n75a","かわらわり"
"n75a","ちきゅうなげ"
"n75a","でんじは"
"n75a","いわなだれ"
"n75a","かみなりパンチ"
"n75a","どくどく"
"n75a","ほのおのパンチ"
"n75a","10まんボルト"
"n75a","かえんほうしゃ"
"n75a","かみなり"
"n75a","じしん"
"n75a","じばく"
"n75a","だいもんじ"
"n75a","ばかぢから"
"n75a","ステルスロック"
"n76","たいあたり"
"n76","まるくなる"
"n76","メガトンパンチ"
"n76","すなかけ"
"n76","がまん"
"n76","すなかけ"
"n76","がまん"
"n76","いわおとし"
"n76","ステルスロック"
"n76","とっしん"
"n76","じばく"
"n76","いわなだれ"
"n76","じしん"
"n76","すてみタックル"
"n76","だいばくはつ"
"n76","ずつき"
"n76","ねむる"
"n76","まもる"
"n76","みがわり"
"n76","あなをほる"
"n76","からげんき"
"n76","かわらわり"
"n76","ちきゅうなげ"
"n76","いわなだれ"
"n76","かみなりパンチ"
"n76","どくどく"
"n76","ほのおのパンチ"
"n76","かえんほうしゃ"
"n76","じしん"
"n76","じばく"
"n76","だいもんじ"
"n76","はかいこうせん"
"n76","ばかぢから"
"n76","ステルスロック"
"n76a","たいあたり"
"n76a","まるくなる"
"n76a","メガトンパンチ"
"n76a","でんきショック"
"n76a","がまん"
"n76a","でんきショック"
"n76a","がまん"
"n76a","いわおとし"
"n76a","ステルスロック"
"n76a","とっしん"
"n76a","じばく"
"n76a","いわなだれ"
"n76a","かみなりパンチ"
"n76a","すてみタックル"
"n76a","だいばくはつ"
"n76a","ずつき"
"n76a","ねむる"
"n76a","まもる"
"n76a","みがわり"
"n76a","あなをほる"
"n76a","からげんき"
"n76a","かわらわり"
"n76a","ちきゅうなげ"
"n76a","でんじは"
"n76a","いわなだれ"
"n76a","かみなりパンチ"
"n76a","どくどく"
"n76a","ほのおのパンチ"
"n76a","10まんボルト"
"n76a","かえんほうしゃ"
"n76a","かみなり"
"n76a","じしん"
"n76a","じばく"
"n76a","だいもんじ"
"n76a","はかいこうせん"
"n76a","ばかぢから"
"n76a","ステルスロック"
"n77","たいあたり"
"n77","なきごえ"
"n77","しっぽをふる"
"n77","ひのこ"
"n77","でんこうせっか"
"n77","にどげり"
"n77","ふみつけ"
"n77","ほのおのうず"
"n77","こうそくいどう"
"n77","だいもんじ"
"n77","とっしん"
"n77","フレアドライブ"
"n77","ずつき"
"n77","ねむる"
"n77","まもる"
"n77","みがわり"
"n77","リフレクター"
"n77","おにび"
"n77","からげんき"
"n77","アイアンテール"
"n77","どくどく"
"n77","かえんほうしゃ"
"n77","ソーラービーム"
"n77","だいもんじ"
"n78","みだれづき"
"n78","どくづき"
"n78","メガホーン"
"n78","なきごえ"
"n78","しっぽをふる"
"n78","ひのこ"
"n78","みだれづき"
"n78","たいあたり"
"n78","つのドリル"
"n78","さいみんじゅつ"
"n78","ひのこ"
"n78","でんこうせっか"
"n78","にどげり"
"n78","ふみつけ"
"n78","ほのおのうず"
"n78","こうそくいどう"
"n78","だいもんじ"
"n78","とっしん"
"n78","フレアドライブ"
"n78","ずつき"
"n78","ねむる"
"n78","まもる"
"n78","みがわり"
"n78","リフレクター"
"n78","おにび"
"n78","からげんき"
"n78","アイアンテール"
"n78","どくづき"
"n78","どくどく"
"n78","かえんほうしゃ"
"n78","ソーラービーム"
"n78","だいもんじ"
"n78","はかいこうせん"
"n78","ドリルライナー"
"n78","メガホーン"
"n79","あくび"
"n79","たいあたり"
"n79","なきごえ"
"n79","みずでっぽう"
"n79","ねんりき"
"n79","かなしばり"
"n79","ねむる"
"n79","なみのり"
"n79","サイコキネシス"
"n79","ドわすれ"
"n79","ずつき"
"n79","テレポート"
"n79","ねむる"
"n79","ひかりのかべ"
"n79","まもる"
"n79","みがわり"
"n79","リフレクター"
"n79","あなをほる"
"n79","からげんき"
"n79","でんじは"
"n79","アイアンテール"
"n79","どくどく"
"n79","トライアタック"
"n79","ねっとう"
"n79","めいそう"
"n79","かえんほうしゃ"
"n79","サイコキネシス"
"n79","じしん"
"n79","シャドーボール"
"n79","だいもんじ"
"n79","なみのり"
"n79","ふぶき"
"n79","れいとうビーム"
"n79","ネコにこばん"
"n79","ゆめくい"
"n80","からにこもる"
"n80","あくび"
"n80","たいあたり"
"n80","なきごえ"
"n80","からにこもる"
"n80","みずでっぽう"
"n80","ふみつけ"
"n80","なきごえ"
"n80","みずでっぽう"
"n80","ねんりき"
"n80","かなしばり"
"n80","ねむる"
"n80","なみのり"
"n80","サイコキネシス"
"n80","ドわすれ"
"n80","ずつき"
"n80","テレポート"
"n80","ねむる"
"n80","ひかりのかべ"
"n80","まもる"
"n80","みがわり"
"n80","リフレクター"
"n80","あなをほる"
"n80","からげんき"
"n80","かわらわり"
"n80","ちきゅうなげ"
"n80","でんじは"
"n80","アイアンテール"
"n80","イカサマ"
"n80","どくどく"
"n80","トライアタック"
"n80","ねっとう"
"n80","めいそう"
"n80","れいとうパンチ"
"n80","かえんほうしゃ"
"n80","サイコキネシス"
"n80","じしん"
"n80","シャドーボール"
"n80","だいもんじ"
"n80","なみのり"
"n80","はかいこうせん"
"n80","ふぶき"
"n80","れいとうビーム"
"n80","ネコにこばん"
"n80","ゆめくい"
"n80m","からにこもる"
"n80m","あくび"
"n80m","たいあたり"
"n80m","なきごえ"
"n80m","からにこもる"
"n80m","みずでっぽう"
"n80m","ふみつけ"
"n80m","なきごえ"
"n80m","みずでっぽう"
"n80m","ねんりき"
"n80m","かなしばり"
"n80m","ねむる"
"n80m","なみのり"
"n80m","サイコキネシス"
"n80m","ドわすれ"
"n80m","ずつき"
"n80m","テレポート"
"n80m","ねむる"
"n80m","ひかりのかべ"
"n80m","まもる"
"n80m","みがわり"
"n80m","リフレクター"
"n80m","あなをほる"
"n80m","からげんき"
"n80m","かわらわり"
"n80m","ちきゅうなげ"
"n80m","でんじは"
"n80m","アイアンテール"
"n80m","イカサマ"
"n80m","どくどく"
"n80m","トライアタック"
"n80m","ねっとう"
"n80m","めいそう"
"n80m","れいとうパンチ"
"n80m","かえんほうしゃ"
"n80m","サイコキネシス"
"n80m","じしん"
"n80m","シャドーボール"
"n80m","だいもんじ"
"n80m","なみのり"
"n80m","はかいこうせん"
"n80m","ふぶき"
"n80m","れいとうビーム"
"n80m","ネコにこばん"
"n80m","ゆめくい"
"n81","たいあたり"
"n81","ちょうおんぱ"
"n81","でんきショック"
"n81","でんじは"
"n81","ソニックブーム"
"n81","ひかりのかべ"
"n81","10まんボルト"
"n81","いやなおと"
"n81","ラスターカノン"
"n81","かみなり"
"n81","ずつき"
"n81","テレポート"
"n81","ねむる"
"n81","ひかりのかべ"
"n81","まもる"
"n81","みがわり"
"n81","リフレクター"
"n81","からげんき"
"n81","でんじは"
"n81","どくどく"
"n81","10まんボルト"
"n81","かみなり"
"n81","ラスターカノン"
"n82","トライアタック"
"n82","トライアタック"
"n82","たいあたり"
"n82","でんきショック"
"n82","ちょうおんぱ"
"n82","でんじは"
"n82","でんきショック"
"n82","でんじは"
"n82","ソニックブーム"
"n82","ひかりのかべ"
"n82","10まんボルト"
"n82","いやなおと"
"n82","ラスターカノン"
"n82","かみなり"
"n82","ずつき"
"n82","テレポート"
"n82","ねむる"
"n82","ひかりのかべ"
"n82","まもる"
"n82","みがわり"
"n82","リフレクター"
"n82","からげんき"
"n82","でんじは"
"n82","どくどく"
"n82","トライアタック"
"n82","10まんボルト"
"n82","かみなり"
"n82","はかいこうせん"
"n82","ラスターカノン"
"n83","どくづき"
"n83","つつく"
"n83","すなかけ"
"n83","にらみつける"
"n83","オウムがえし"
"n83","でんこうせっか"
"n83","フェイント"
"n83","きあいだめ"
"n83","いあいぎり"
"n83","はっぱカッター"
"n83","みだれづき"
"n83","こうそくいどう"
"n83","きりさく"
"n83","エアスラッシュ"
"n83","つるぎのまい"
"n83","ゴッドバード"
"n83","ずつき"
"n83","てだすけ"
"n83","ねむる"
"n83","まもる"
"n83","みがわり"
"n83","リフレクター"
"n83","からげんき"
"n83","そらをとぶ"
"n83","とんぼがえり"
"n83","アイアンテール"
"n83","どくづき"
"n83","どくどく"
"n83","はねやすめ"
"n84","つつく"
"n84","なきごえ"
"n84","でんこうせっか"
"n84","いかり"
"n84","みだれづき"
"n84","こうそくいどう"
"n84","ドリルくちばし"
"n84","つるぎのまい"
"n84","とびげり"
"n84","あばれる"
"n84","ずつき"
"n84","ねむる"
"n84","まもる"
"n84","みがわり"
"n84","リフレクター"
"n84","からげんき"
"n84","そらをとぶ"
"n84","どくどく"
"n84","はねやすめ"
"n85","トライアタック"
"n85","つつく"
"n85","なきごえ"
"n85","でんこうせっか"
"n85","いかり"
"n85","トライアタック"
"n85","オウムがえし"
"n85","ちょうおんぱ"
"n85","でんこうせっか"
"n85","いかり"
"n85","みだれづき"
"n85","こうそくいどう"
"n85","ドリルくちばし"
"n85","つるぎのまい"
"n85","とびげり"
"n85","あばれる"
"n85","ずつき"
"n85","ちょうはつ"
"n85","ねむる"
"n85","まもる"
"n85","みがわり"
"n85","リフレクター"
"n85","からげんき"
"n85","そらをとぶ"
"n85","どくどく"
"n85","トライアタック"
"n85","はかいこうせん"
"n85","はねやすめ"
"n86","ずつき"
"n86","なきごえ"
"n86","アンコール"
"n86","アクアジェット"
"n86","こおりのつぶて"
"n86","ねむる"
"n86","オーロラビーム"
"n86","たきのぼり"
"n86","とっしん"
"n86","れいとうビーム"
"n86","すてみタックル"
"n86","ずつき"
"n86","てだすけ"
"n86","ねむる"
"n86","まもる"
"n86","みがわり"
"n86","からげんき"
"n86","アイアンテール"
"n86","たきのぼり"
"n86","どくどく"
"n86","なみのり"
"n86","ふぶき"
"n86","れいとうビーム"
"n86","ネコにこばん"
"n86","ドリルライナー"
"n86","メガホーン"
"n87","ずつき"
"n87","なきごえ"
"n87","ねこだまし"
"n87","つのドリル"
"n87","アンコール"
"n87","アクアジェット"
"n87","なきごえ"
"n87","アンコール"
"n87","アクアジェット"
"n87","こおりのつぶて"
"n87","ねむる"
"n87","オーロラビーム"
"n87","たきのぼり"
"n87","とっしん"
"n87","れいとうビーム"
"n87","すてみタックル"
"n87","ずつき"
"n87","てだすけ"
"n87","ねむる"
"n87","まもる"
"n87","みがわり"
"n87","からげんき"
"n87","アイアンテール"
"n87","たきのぼり"
"n87","どくどく"
"n87","なみのり"
"n87","はかいこうせん"
"n87","ふぶき"
"n87","れいとうビーム"
"n87","ネコにこばん"
"n87","ドリルライナー"
"n87","メガホーン"
"n88","どくガス"
"n88","はたく"
"n88","かたくなる"
"n88","ちいさくなる"
"n88","かなしばり"
"n88","ヘドロこうげき"
"n88","いやなおと"
"n88","どくどく"
"n88","とける"
"n88","ヘドロばくだん"
"n88","ずつき"
"n88","ちょうはつ"
"n88","てだすけ"
"n88","ねむる"
"n88","まもる"
"n88","みがわり"
"n88","あなをほる"
"n88","からげんき"
"n88","いわなだれ"
"n88","かみなりパンチ"
"n88","どくづき"
"n88","どくどく"
"n88","ほのおのパンチ"
"n88","れいとうパンチ"
"n88","10まんボルト"
"n88","かえんほうしゃ"
"n88","かみなり"
"n88","じばく"
"n88","シャドーボール"
"n88","だいもんじ"
"n88","ヘドロばくだん"
"n88","メガドレイン"
"n88a","はたく"
"n88a","どくガス"
"n88a","かたくなる"
"n88a","ちいさくなる"
"n88a","かなしばり"
"n88a","かみつく"
"n88a","いやなおと"
"n88a","かみくだく"
"n88a","とける"
"n88a","ヘドロばくだん"
"n88a","ずつき"
"n88a","ちょうはつ"
"n88a","てだすけ"
"n88a","ねむる"
"n88a","まもる"
"n88a","みがわり"
"n88a","あなをほる"
"n88a","からげんき"
"n88a","いわなだれ"
"n88a","かみなりパンチ"
"n88a","どくづき"
"n88a","どくどく"
"n88a","ほのおのパンチ"
"n88a","れいとうパンチ"
"n88a","かえんほうしゃ"
"n88a","じばく"
"n88a","シャドーボール"
"n88a","だいもんじ"
"n88a","ヘドロばくだん"
"n88a","メガドレイン"
"n89","どくガス"
"n89","はたく"
"n89","かたくなる"
"n89","くろいきり"
"n89","ムーンフォース"
"n89","ちいさくなる"
"n89","かたくなる"
"n89","ちいさくなる"
"n89","かなしばり"
"n89","ヘドロこうげき"
"n89","いやなおと"
"n89","どくどく"
"n89","とける"
"n89","ヘドロばくだん"
"n89","ずつき"
"n89","ちょうはつ"
"n89","てだすけ"
"n89","ねむる"
"n89","まもる"
"n89","みがわり"
"n89","あなをほる"
"n89","からげんき"
"n89","かわらわり"
"n89","あくのはどう"
"n89","いわなだれ"
"n89","かみなりパンチ"
"n89","どくづき"
"n89","どくどく"
"n89","ほのおのパンチ"
"n89","れいとうパンチ"
"n89","10まんボルト"
"n89","かえんほうしゃ"
"n89","かみなり"
"n89","じばく"
"n89","シャドーボール"
"n89","だいもんじ"
"n89","はかいこうせん"
"n89","ヘドロばくだん"
"n89","メガドレイン"
"n89a","はたく"
"n89a","どくガス"
"n89a","かたくなる"
"n89a","くろいきり"
"n89a","ムーンフォース"
"n89a","ちいさくなる"
"n89a","かたくなる"
"n89a","ちいさくなる"
"n89a","かなしばり"
"n89a","かみつく"
"n89a","いやなおと"
"n89a","かみくだく"
"n89a","とける"
"n89a","ヘドロばくだん"
"n89a","ずつき"
"n89a","ちょうはつ"
"n89a","てだすけ"
"n89a","ねむる"
"n89a","まもる"
"n89a","みがわり"
"n89a","あなをほる"
"n89a","からげんき"
"n89a","かわらわり"
"n89a","あくのはどう"
"n89a","イカサマ"
"n89a","いわなだれ"
"n89a","かみなりパンチ"
"n89a","どくづき"
"n89a","どくどく"
"n89a","ほのおのパンチ"
"n89a","れいとうパンチ"
"n89a","かえんほうしゃ"
"n89a","じばく"
"n89a","シャドーボール"
"n89a","だいもんじ"
"n89a","はかいこうせん"
"n89a","ヘドロばくだん"
"n89a","メガドレイン"
"n90","たいあたり"
"n90","みずでっぽう"
"n90","からにこもる"
"n90","にらみつける"
"n90","こおりのつぶて"
"n90","ちょうおんぱ"
"n90","からではさむ"
"n90","オーロラビーム"
"n90","まもる"
"n90","れいとうビーム"
"n90","からをやぶる"
"n90","ハイドロポンプ"
"n90","ずつき"
"n90","テレポート"
"n90","ねむる"
"n90","まもる"
"n90","みがわり"
"n90","リフレクター"
"n90","からげんき"
"n90","どくどく"
"n90","トライアタック"
"n90","じばく"
"n90","なみのり"
"n90","ふぶき"
"n90","れいとうビーム"
"n91","とげキャノン"
"n91","からにこもる"
"n91","とげキャノン"
"n91","バリアー"
"n91","ダブルニードル"
"n91","たいあたり"
"n91","みずでっぽう"
"n91","にらみつける"
"n91","ずつき"
"n91","テレポート"
"n91","ねむる"
"n91","まもる"
"n91","みがわり"
"n91","リフレクター"
"n91","からげんき"
"n91","どくづき"
"n91","どくどく"
"n91","トライアタック"
"n91","じばく"
"n91","なみのり"
"n91","はかいこうせん"
"n91","ふぶき"
"n91","れいとうビーム"
"n91","こおりのつぶて"
"n91","ちょうおんぱ"
"n91","からではさむ"
"n91","オーロラビーム"
"n91","からをやぶる"
"n91","ハイドロポンプ"
"n92","さいみんじゅつ"
"n92","したでなめる"
"n92","スモッグ"
"n92","あやしいひかり"
"n92","どくガス"
"n92","ナイトヘッド"
"n92","おにび"
"n92","ふいうち"
"n92","どくどく"
"n92","シャドーボール"
"n92","あくのはどう"
"n92","ゆめくい"
"n92","ずつき"
"n92","ちょうはつ"
"n92","ねむる"
"n92","まもる"
"n92","みがわり"
"n92","おにび"
"n92","からげんき"
"n92","あくのはどう"
"n92","イカサマ"
"n92","かみなりパンチ"
"n92","どくどく"
"n92","ほのおのパンチ"
"n92","マジカルシャイン"
"n92","れいとうパンチ"
"n92","10まんボルト"
"n92","かみなり"
"n92","サイコキネシス"
"n92","じばく"
"n92","シャドーボール"
"n92","ヘドロばくだん"
"n92","メガドレイン"
"n92","ゆめくい"
"n93","さいみんじゅつ"
"n93","したでなめる"
"n93","あやしいひかり"
"n93","スモッグ"
"n93","あやしいひかり"
"n93","どくガス"
"n93","ナイトヘッド"
"n93","おにび"
"n93","ふいうち"
"n93","どくどく"
"n93","シャドーボール"
"n93","あくのはどう"
"n93","ゆめくい"
"n93","ずつき"
"n93","ちょうはつ"
"n93","ねむる"
"n93","まもる"
"n93","みがわり"
"n93","おにび"
"n93","からげんき"
"n93","あくのはどう"
"n93","イカサマ"
"n93","かみなりパンチ"
"n93","どくづき"
"n93","どくどく"
"n93","ほのおのパンチ"
"n93","マジカルシャイン"
"n93","れいとうパンチ"
"n93","10まんボルト"
"n93","かみなり"
"n93","サイコキネシス"
"n93","じばく"
"n93","シャドーボール"
"n93","ヘドロばくだん"
"n93","メガドレイン"
"n93","ゆめくい"
"n94","さいみんじゅつ"
"n94","したでなめる"
"n94","あやしいひかり"
"n94","かなしばり"
"n94","くろいきり"
"n94","スモッグ"
"n94","あやしいひかり"
"n94","どくガス"
"n94","ナイトヘッド"
"n94","おにび"
"n94","ふいうち"
"n94","どくどく"
"n94","シャドーボール"
"n94","あくのはどう"
"n94","ゆめくい"
"n94","ずつき"
"n94","ちょうはつ"
"n94","ねむる"
"n94","まもる"
"n94","みがわり"
"n94","おにび"
"n94","からげんき"
"n94","かわらわり"
"n94","ちきゅうなげ"
"n94","あくのはどう"
"n94","イカサマ"
"n94","かみなりパンチ"
"n94","どくづき"
"n94","どくどく"
"n94","ほのおのパンチ"
"n94","マジカルシャイン"
"n94","れいとうパンチ"
"n94","10まんボルト"
"n94","かみなり"
"n94","サイコキネシス"
"n94","じばく"
"n94","シャドーボール"
"n94","はかいこうせん"
"n94","ヘドロばくだん"
"n94","メガドレイン"
"n94","ゆめくい"
"n94m","さいみんじゅつ"
"n94m","したでなめる"
"n94m","あやしいひかり"
"n94m","かなしばり"
"n94m","くろいきり"
"n94m","スモッグ"
"n94m","あやしいひかり"
"n94m","どくガス"
"n94m","ナイトヘッド"
"n94m","おにび"
"n94m","ふいうち"
"n94m","どくどく"
"n94m","シャドーボール"
"n94m","あくのはどう"
"n94m","ゆめくい"
"n94m","ずつき"
"n94m","ちょうはつ"
"n94m","ねむる"
"n94m","まもる"
"n94m","みがわり"
"n94m","おにび"
"n94m","からげんき"
"n94m","かわらわり"
"n94m","ちきゅうなげ"
"n94m","あくのはどう"
"n94m","イカサマ"
"n94m","かみなりパンチ"
"n94m","どくづき"
"n94m","どくどく"
"n94m","ほのおのパンチ"
"n94m","マジカルシャイン"
"n94m","れいとうパンチ"
"n94m","10まんボルト"
"n94m","かみなり"
"n94m","サイコキネシス"
"n94m","じばく"
"n94m","シャドーボール"
"n94m","はかいこうせん"
"n94m","ヘドロばくだん"
"n94m","メガドレイン"
"n94m","ゆめくい"
"n95","たいあたり"
"n95","かたくなる"
"n95","しめつける"
"n95","いわおとし"
"n95","ステルスロック"
"n95","いかり"
"n95","いやなおと"
"n95","あなをほる"
"n95","たたきつける"
"n95","いわなだれ"
"n95","じしん"
"n95","アイアンテール"
"n95","すてみタックル"
"n95","ずつき"
"n95","ちょうはつ"
"n95","ねむる"
"n95","まもる"
"n95","みがわり"
"n95","あなをほる"
"n95","からげんき"
"n95","ドラゴンテール"
"n95","アイアンテール"
"n95","いわなだれ"
"n95","どくどく"
"n95","りゅうのはどう"
"n95","じしん"
"n95","じばく"
"n95","ラスターカノン"
"n95","ステルスロック"
"n96","はたく"
"n96","さいみんじゅつ"
"n96","かなしばり"
"n96","ねんりき"
"n96","どくガス"
"n96","ヨガのポーズ"
"n96","サイケこうせん"
"n96","ずつき"
"n96","サイコキネシス"
"n96","わるだくみ"
"n96","ゆめくい"
"n96","ずつき"
"n96","ちょうはつ"
"n96","テレポート"
"n96","ねむる"
"n96","ひかりのかべ"
"n96","まもる"
"n96","みがわり"
"n96","リフレクター"
"n96","からげんき"
"n96","かわらわり"
"n96","ちきゅうなげ"
"n96","でんじは"
"n96","イカサマ"
"n96","かみなりパンチ"
"n96","どくどく"
"n96","トライアタック"
"n96","ほのおのパンチ"
"n96","マジカルシャイン"
"n96","めいそう"
"n96","れいとうパンチ"
"n96","サイコキネシス"
"n96","シャドーボール"
"n96","ゆめくい"
"n97","はたく"
"n97","さいみんじゅつ"
"n97","かなしばり"
"n97","ねんりき"
"n97","バリアー"
"n97","かなしばり"
"n97","ねんりき"
"n97","どくガス"
"n97","ヨガのポーズ"
"n97","サイケこうせん"
"n97","ずつき"
"n97","サイコキネシス"
"n97","わるだくみ"
"n97","ゆめくい"
"n97","ずつき"
"n97","ちょうはつ"
"n97","テレポート"
"n97","ねむる"
"n97","ひかりのかべ"
"n97","まもる"
"n97","みがわり"
"n97","リフレクター"
"n97","からげんき"
"n97","かわらわり"
"n97","ちきゅうなげ"
"n97","でんじは"
"n97","イカサマ"
"n97","かみなりパンチ"
"n97","どくどく"
"n97","トライアタック"
"n97","ほのおのパンチ"
"n97","マジカルシャイン"
"n97","めいそう"
"n97","れいとうパンチ"
"n97","サイコキネシス"
"n97","シャドーボール"
"n97","はかいこうせん"
"n97","ゆめくい"
"n98","あわ"
"n98","はさむ"
"n98","にらみつける"
"n98","かたくなる"
"n98","バブルこうせん"
"n98","ふみつけ"
"n98","まもる"
"n98","たたきつける"
"n98","クラブハンマー"
"n98","ハサミギロチン"
"n98","ずつき"
"n98","ねむる"
"n98","まもる"
"n98","みがわり"
"n98","あなをほる"
"n98","からげんき"
"n98","かわらわり"
"n98","いわなだれ"
"n98","シザークロス"
"n98","どくどく"
"n98","ねっとう"
"n98","なみのり"
"n98","ばかぢから"
"n98","ふぶき"
"n98","れいとうビーム"
"n99","あわ"
"n99","はさむ"
"n99","にらみつける"
"n99","かたくなる"
"n99","こうそくいどう"
"n99","ドわすれ"
"n99","はさむ"
"n99","にらみつける"
"n99","かたくなる"
"n99","バブルこうせん"
"n99","ふみつけ"
"n99","まもる"
"n99","たたきつける"
"n99","クラブハンマー"
"n99","ハサミギロチン"
"n99","ずつき"
"n99","ねむる"
"n99","まもる"
"n99","みがわり"
"n99","あなをほる"
"n99","からげんき"
"n99","かわらわり"
"n99","いわなだれ"
"n99","シザークロス"
"n99","どくどく"
"n99","ねっとう"
"n99","なみのり"
"n99","はかいこうせん"
"n99","ばかぢから"
"n99","ふぶき"
"n99","れいとうビーム"
"n100","たいあたり"
"n100","ひかりのかべ"
"n100","ソニックブーム"
"n100","でんきショック"
"n100","スピードスター"
"n100","じばく"
"n100","いやなおと"
"n100","10まんボルト"
"n100","ミラーコート"
"n100","だいばくはつ"
"n100","ずつき"
"n100","ちょうはつ"
"n100","テレポート"
"n100","ねむる"
"n100","ひかりのかべ"
"n100","まもる"
"n100","みがわり"
"n100","リフレクター"
"n100","からげんき"
"n100","でんじは"
"n100","イカサマ"
"n100","どくどく"
"n100","10まんボルト"
"n100","かみなり"
"n100","じばく"
"n101","たいあたり"
"n101","ソニックブーム"
"n101","ひかりのかべ"
"n101","でんきショック"
"n101","ひかりのかべ"
"n101","ソニックブーム"
"n101","でんきショック"
"n101","スピードスター"
"n101","じばく"
"n101","いやなおと"
"n101","10まんボルト"
"n101","ミラーコート"
"n101","だいばくはつ"
"n101","ずつき"
"n101","ちょうはつ"
"n101","テレポート"
"n101","ねむる"
"n101","ひかりのかべ"
"n101","まもる"
"n101","みがわり"
"n101","リフレクター"
"n101","からげんき"
"n101","でんじは"
"n101","イカサマ"
"n101","どくどく"
"n101","10まんボルト"
"n101","かみなり"
"n101","じばく"
"n101","はかいこうせん"
"n102","たまなげ"
"n102","さいみんじゅつ"
"n102","ねんりき"
"n102","しびれごな"
"n102","どくのこな"
"n102","ねむりごな"
"n102","サイケこうせん"
"n102","やどりぎのタネ"
"n102","リフレクター"
"n102","ソーラービーム"
"n102","ずつき"
"n102","テレポート"
"n102","ねむる"
"n102","ひかりのかべ"
"n102","まもる"
"n102","みがわり"
"n102","リフレクター"
"n102","からげんき"
"n102","どくどく"
"n102","サイコキネシス"
"n102","じばく"
"n102","ソーラービーム"
"n102","ヘドロばくだん"
"n102","メガドレイン"
"n102","ゆめくい"
"n103","ふみつけ"
"n103","たまなげ"
"n103","さいみんじゅつ"
"n103","ねんりき"
"n103","ふみつけ"
"n103","パワーウィップ"
"n103","タマゴばくだん"
"n103","しびれごな"
"n103","ずつき"
"n103","テレポート"
"n103","ねむる"
"n103","ひかりのかべ"
"n103","まもる"
"n103","みがわり"
"n103","リフレクター"
"n103","からげんき"
"n103","どくどく"
"n103","サイコキネシス"
"n103","じばく"
"n103","ソーラービーム"
"n103","はかいこうせん"
"n103","ヘドロばくだん"
"n103","メガドレイン"
"n103","ゆめくい"
"n103","どくのこな"
"n103","ねむりごな"
"n103","サイケこうせん"
"n103","やどりぎのタネ"
"n103a","りゅうのはどう"
"n103a","たまなげ"
"n103a","さいみんじゅつ"
"n103a","ねんりき"
"n103a","りゅうのはどう"
"n103a","パワーウィップ"
"n103a","タマゴばくだん"
"n103a","しびれごな"
"n103a","ずつき"
"n103a","テレポート"
"n103a","ねむる"
"n103a","ひかりのかべ"
"n103a","まもる"
"n103a","みがわり"
"n103a","リフレクター"
"n103a","からげんき"
"n103a","かわらわり"
"n103a","ドラゴンテール"
"n103a","アイアンテール"
"n103a","どくどく"
"n103a","りゅうのはどう"
"n103a","かえんほうしゃ"
"n103a","げきりん"
"n103a","サイコキネシス"
"n103a","じしん"
"n103a","じばく"
"n103a","ソーラービーム"
"n103a","はかいこうせん"
"n103a","ばかぢから"
"n103a","ヘドロばくだん"
"n103a","メガドレイン"
"n103a","ゆめくい"
"n103a","どくのこな"
"n103a","ねむりごな"
"n103a","サイケこうせん"
"n103a","やどりぎのタネ"
"n104","なきごえ"
"n104","しっぽをふる"
"n104","にらみつける"
"n104","ホネこんぼう"
"n104","ずつき"
"n104","いかり"
"n104","きあいだめ"
"n104","ホネブーメラン"
"n104","あばれる"
"n104","すてみタックル"
"n104","ずつき"
"n104","ねむる"
"n104","まもる"
"n104","みがわり"
"n104","あなをほる"
"n104","からげんき"
"n104","かわらわり"
"n104","ちきゅうなげ"
"n104","アイアンテール"
"n104","いわなだれ"
"n104","かみなりパンチ"
"n104","どくどく"
"n104","ほのおのパンチ"
"n104","かえんほうしゃ"
"n104","じしん"
"n104","だいもんじ"
"n104","ふぶき"
"n104","れいとうビーム"
"n104","ステルスロック"
"n105","つるぎのまい"
"n105","なきごえ"
"n105","しっぽをふる"
"n105","ホネこんぼう"
"n105","にらみつける"
"n105","つるぎのまい"
"n105","いやなおと"
"n105","しっぽをふる"
"n105","にらみつける"
"n105","ホネこんぼう"
"n105","ずつき"
"n105","いかり"
"n105","きあいだめ"
"n105","ホネブーメラン"
"n105","あばれる"
"n105","すてみタックル"
"n105","ずつき"
"n105","ねむる"
"n105","まもる"
"n105","みがわり"
"n105","あなをほる"
"n105","からげんき"
"n105","かわらわり"
"n105","ちきゅうなげ"
"n105","アイアンテール"
"n105","いわなだれ"
"n105","かみなりパンチ"
"n105","どくどく"
"n105","ほのおのパンチ"
"n105","かえんほうしゃ"
"n105","げきりん"
"n105","じしん"
"n105","だいもんじ"
"n105","はかいこうせん"
"n105","ふぶき"
"n105","れいとうビーム"
"n105","ステルスロック"
"n105a","つるぎのまい"
"n105a","なきごえ"
"n105a","しっぽをふる"
"n105a","ホネこんぼう"
"n105a","つるぎのまい"
"n105a","いやなおと"
"n105a","にらみつける"
"n105a","しっぽをふる"
"n105a","にらみつける"
"n105a","ホネこんぼう"
"n105a","ほのおのうず"
"n105a","いかり"
"n105a","おにび"
"n105a","ホネブーメラン"
"n105a","あばれる"
"n105a","フレアドライブ"
"n105a","ずつき"
"n105a","ねむる"
"n105a","まもる"
"n105a","みがわり"
"n105a","あなをほる"
"n105a","おにび"
"n105a","からげんき"
"n105a","かわらわり"
"n105a","ちきゅうなげ"
"n105a","アイアンテール"
"n105a","あくのはどう"
"n105a","いわなだれ"
"n105a","かみなりパンチ"
"n105a","どくどく"
"n105a","ほのおのパンチ"
"n105a","10まんボルト"
"n105a","かえんほうしゃ"
"n105a","かみなり"
"n105a","げきりん"
"n105a","じしん"
"n105a","シャドーボール"
"n105a","だいもんじ"
"n105a","はかいこうせん"
"n105a","ふぶき"
"n105a","れいとうビーム"
"n105a","ステルスロック"
"n105a","ゆめくい"
"n105a","きあいだめ"
"n105a","すてみタックル"
"n106","まわしげり"
"n106","ヨガのポーズ"
"n106","にどげり"
"n106","フェイント"
"n106","かわらわり"
"n106","からげんき"
"n106","とびげり"
"n106","きあいだめ"
"n106","メガトンキック"
"n106","とびひざげり"
"n106","ずつき"
"n106","てだすけ"
"n106","ねむる"
"n106","まもる"
"n106","みがわり"
"n106","からげんき"
"n106","かわらわり"
"n106","ちきゅうなげ"
"n106","いわなだれ"
"n106","どくづき"
"n106","どくどく"
"n106","ビルドアップ"
"n106","じしん"
"n106","ばかぢから"
"n107","れんぞくパンチ"
"n107","にらみつける"
"n107","こうそくいどう"
"n107","フェイント"
"n107","スピードスター"
"n107","ピヨピヨパンチ"
"n107","かみなりパンチ"
"n107","れいとうパンチ"
"n107","ほのおのパンチ"
"n107","きあいだめ"
"n107","メガトンパンチ"
"n107","カウンター"
"n107","ずつき"
"n107","てだすけ"
"n107","ねむる"
"n107","まもる"
"n107","みがわり"
"n107","からげんき"
"n107","かわらわり"
"n107","ちきゅうなげ"
"n107","いわなだれ"
"n107","かみなりパンチ"
"n107","どくどく"
"n107","ビルドアップ"
"n107","ほのおのパンチ"
"n107","れいとうパンチ"
"n107","じしん"
"n108","したでなめる"
"n108","まきつく"
"n108","ようかいえき"
"n108","ふみつけ"
"n108","かなしばり"
"n108","しめつける"
"n108","たたきつける"
"n108","いやなおと"
"n108","あばれる"
"n108","パワーウィップ"
"n108","ずつき"
"n108","てだすけ"
"n108","ねむる"
"n108","まもる"
"n108","みがわり"
"n108","あなをほる"
"n108","からげんき"
"n108","かわらわり"
"n108","ちきゅうなげ"
"n108","ドラゴンテール"
"n108","アイアンテール"
"n108","いわなだれ"
"n108","かみなりパンチ"
"n108","どくどく"
"n108","ほのおのパンチ"
"n108","れいとうパンチ"
"n108","10まんボルト"
"n108","かえんほうしゃ"
"n108","かみなり"
"n108","じしん"
"n108","シャドーボール"
"n108","ソーラービーム"
"n108","だいもんじ"
"n108","なみのり"
"n108","はかいこうせん"
"n108","ふぶき"
"n108","れいとうビーム"
"n108","ゆめくい"
"n109","どくガス"
"n109","たいあたり"
"n109","スモッグ"
"n109","クリアスモッグ"
"n109","ヘドロこうげき"
"n109","じばく"
"n109","どくどく"
"n109","くろいきり"
"n109","ヘドロばくだん"
"n109","だいばくはつ"
"n109","ずつき"
"n109","ちょうはつ"
"n109","ねむる"
"n109","まもる"
"n109","みがわり"
"n109","おにび"
"n109","からげんき"
"n109","あくのはどう"
"n109","どくどく"
"n109","10まんボルト"
"n109","かえんほうしゃ"
"n109","かみなり"
"n109","じばく"
"n109","シャドーボール"
"n109","だいもんじ"
"n109","ヘドロばくだん"
"n110","どくガス"
"n110","たいあたり"
"n110","スモッグ"
"n110","サイケこうせん"
"n110","いやなおと"
"n110","クリアスモッグ"
"n110","スモッグ"
"n110","クリアスモッグ"
"n110","ヘドロこうげき"
"n110","じばく"
"n110","どくどく"
"n110","くろいきり"
"n110","ヘドロばくだん"
"n110","だいばくはつ"
"n110","ずつき"
"n110","ちょうはつ"
"n110","ねむる"
"n110","まもる"
"n110","みがわり"
"n110","おにび"
"n110","からげんき"
"n110","あくのはどう"
"n110","どくどく"
"n110","10まんボルト"
"n110","かえんほうしゃ"
"n110","かみなり"
"n110","じばく"
"n110","シャドーボール"
"n110","だいもんじ"
"n110","はかいこうせん"
"n110","ヘドロばくだん"
"n111","つのでつく"
"n111","しっぽをふる"
"n111","すなかけ"
"n111","みだれづき"
"n111","ふみつけ"
"n111","いわおとし"
"n111","ドリルライナー"
"n111","とっしん"
"n111","メガホーン"
"n111","いわなだれ"
"n111","じしん"
"n111","つのドリル"
"n111","ずつき"
"n111","ねむる"
"n111","まもる"
"n111","みがわり"
"n111","あなをほる"
"n111","からげんき"
"n111","アイアンテール"
"n111","いわなだれ"
"n111","どくづき"
"n111","どくどく"
"n111","りゅうのはどう"
"n111","10まんボルト"
"n111","かえんほうしゃ"
"n111","かみなり"
"n111","じしん"
"n111","だいもんじ"
"n111","ばかぢから"
"n111","ふぶき"
"n111","れいとうビーム"
"n111","ステルスロック"
"n111","ドリルライナー"
"n111","メガホーン"
"n112","つのでつく"
"n112","しっぽをふる"
"n112","みだれづき"
"n112","カウンター"
"n112","かみくだく"
"n112","すなかけ"
"n112","みだれづき"
"n112","ふみつけ"
"n112","いわおとし"
"n112","ドリルライナー"
"n112","とっしん"
"n112","メガホーン"
"n112","いわなだれ"
"n112","じしん"
"n112","つのドリル"
"n112","ずつき"
"n112","てだすけ"
"n112","ねむる"
"n112","まもる"
"n112","みがわり"
"n112","あなをほる"
"n112","からげんき"
"n112","かわらわり"
"n112","ちきゅうなげ"
"n112","ドラゴンテール"
"n112","アイアンテール"
"n112","いわなだれ"
"n112","かみなりパンチ"
"n112","どくづき"
"n112","どくどく"
"n112","ほのおのパンチ"
"n112","りゅうのはどう"
"n112","れいとうパンチ"
"n112","10まんボルト"
"n112","かえんほうしゃ"
"n112","かみなり"
"n112","げきりん"
"n112","じしん"
"n112","だいもんじ"
"n112","なみのり"
"n112","はかいこうせん"
"n112","ばかぢから"
"n112","ふぶき"
"n112","れいとうビーム"
"n112","ステルスロック"
"n112","ネコにこばん"
"n112","ドリルライナー"
"n112","メガホーン"
"n113","はたく"
"n113","なきごえ"
"n113","まるくなる"
"n113","しっぽをふる"
"n113","おうふくビンタ"
"n113","タマゴうみ"
"n113","ちいさくなる"
"n113","とっしん"
"n113","うたう"
"n113","タマゴばくだん"
"n113","ひかりのかべ"
"n113","すてみタックル"
"n113","ずつき"
"n113","てだすけ"
"n113","テレポート"
"n113","ねむる"
"n113","ひかりのかべ"
"n113","まもる"
"n113","みがわり"
"n113","リフレクター"
"n113","からげんき"
"n113","かわらわり"
"n113","ちきゅうなげ"
"n113","でんじは"
"n113","アイアンテール"
"n113","いわなだれ"
"n113","かみなりパンチ"
"n113","どくどく"
"n113","トライアタック"
"n113","ほのおのパンチ"
"n113","マジカルシャイン"
"n113","めいそう"
"n113","れいとうパンチ"
"n113","10まんボルト"
"n113","かえんほうしゃ"
"n113","かみなり"
"n113","サイコキネシス"
"n113","じしん"
"n113","シャドーボール"
"n113","ソーラービーム"
"n113","だいもんじ"
"n113","はかいこうせん"
"n113","ふぶき"
"n113","れいとうビーム"
"n113","ステルスロック"
"n113","ゆめくい"
"n114","からみつく"
"n114","すいとる"
"n114","ねむりごな"
"n114","ねんりき"
"n114","つるのムチ"
"n114","どくのこな"
"n114","しめつける"
"n114","せいちょう"
"n114","しびれごな"
"n114","メガドレイン"
"n114","やどりぎのタネ"
"n114","たたきつける"
"n114","ドわすれ"
"n114","パワーウィップ"
"n114","ずつき"
"n114","ねむる"
"n114","まもる"
"n114","みがわり"
"n114","リフレクター"
"n114","からげんき"
"n114","どくどく"
"n114","ソーラービーム"
"n114","はかいこうせん"
"n114","ヘドロばくだん"
"n114","メガドレイン"
"n115","れんぞくパンチ"
"n115","にらみつける"
"n115","ねこだまし"
"n115","しっぽをふる"
"n115","かみつく"
"n115","いかり"
"n115","メガトンパンチ"
"n115","ピヨピヨパンチ"
"n115","かみくだく"
"n115","げきりん"
"n115","ふいうち"
"n115","ずつき"
"n115","てだすけ"
"n115","ねむる"
"n115","まもる"
"n115","みがわり"
"n115","あなをほる"
"n115","からげんき"
"n115","かわらわり"
"n115","ちきゅうなげ"
"n115","アイアンテール"
"n115","いわなだれ"
"n115","かみなりパンチ"
"n115","どくどく"
"n115","ほのおのパンチ"
"n115","れいとうパンチ"
"n115","10まんボルト"
"n115","かえんほうしゃ"
"n115","かみなり"
"n115","げきりん"
"n115","じしん"
"n115","シャドーボール"
"n115","ソーラービーム"
"n115","だいもんじ"
"n115","なみのり"
"n115","はかいこうせん"
"n115","ふぶき"
"n115","れいとうビーム"
"n115m","れんぞくパンチ"
"n115m","にらみつける"
"n115m","ねこだまし"
"n115m","しっぽをふる"
"n115m","かみつく"
"n115m","いかり"
"n115m","メガトンパンチ"
"n115m","ピヨピヨパンチ"
"n115m","かみくだく"
"n115m","げきりん"
"n115m","ふいうち"
"n115m","ずつき"
"n115m","てだすけ"
"n115m","ねむる"
"n115m","まもる"
"n115m","みがわり"
"n115m","あなをほる"
"n115m","からげんき"
"n115m","かわらわり"
"n115m","ちきゅうなげ"
"n115m","アイアンテール"
"n115m","いわなだれ"
"n115m","かみなりパンチ"
"n115m","どくどく"
"n115m","ほのおのパンチ"
"n115m","れいとうパンチ"
"n115m","10まんボルト"
"n115m","かえんほうしゃ"
"n115m","かみなり"
"n115m","げきりん"
"n115m","じしん"
"n115m","シャドーボール"
"n115m","ソーラービーム"
"n115m","だいもんじ"
"n115m","なみのり"
"n115m","はかいこうせん"
"n115m","ふぶき"
"n115m","れいとうビーム"
"n116","あわ"
"n116","えんまく"
"n116","みずでっぽう"
"n116","にらみつける"
"n116","バブルこうせん"
"n116","きあいだめ"
"n116","たきのぼり"
"n116","こうそくいどう"
"n116","りゅうのはどう"
"n116","ハイドロポンプ"
"n116","ずつき"
"n116","ねむる"
"n116","まもる"
"n116","みがわり"
"n116","からげんき"
"n116","たきのぼり"
"n116","どくどく"
"n116","ねっとう"
"n116","りゅうのはどう"
"n116","げきりん"
"n116","なみのり"
"n116","ふぶき"
"n116","ラスターカノン"
"n116","れいとうビーム"
"n117","あわ"
"n117","えんまく"
"n117","にらみつける"
"n117","みずでっぽう"
"n117","かなしばり"
"n117","クリアスモッグ"
"n117","えんまく"
"n117","みずでっぽう"
"n117","にらみつける"
"n117","バブルこうせん"
"n117","きあいだめ"
"n117","たきのぼり"
"n117","こうそくいどう"
"n117","りゅうのはどう"
"n117","ハイドロポンプ"
"n117","ずつき"
"n117","ねむる"
"n117","まもる"
"n117","みがわり"
"n117","からげんき"
"n117","たきのぼり"
"n117","どくどく"
"n117","ねっとう"
"n117","りゅうのはどう"
"n117","げきりん"
"n117","なみのり"
"n117","はかいこうせん"
"n117","ふぶき"
"n117","ラスターカノン"
"n117","れいとうビーム"
"n118","つつく"
"n118","しっぽをふる"
"n118","ちょうおんぱ"
"n118","でんこうせっか"
"n118","つのでつく"
"n118","みだれづき"
"n118","たきのぼり"
"n118","こうそくいどう"
"n118","つのドリル"
"n118","メガホーン"
"n118","ずつき"
"n118","ねむる"
"n118","まもる"
"n118","みがわり"
"n118","からげんき"
"n118","たきのぼり"
"n118","どくづき"
"n118","どくどく"
"n118","ねっとう"
"n118","なみのり"
"n118","ふぶき"
"n118","れいとうビーム"
"n118","ドリルライナー"
"n118","メガホーン"
"n119","つつく"
"n119","しっぽをふる"
"n119","ちょうおんぱ"
"n119","ロケットずつき"
"n119","サイケこうせん"
"n119","でんこうせっか"
"n119","ちょうおんぱ"
"n119","でんこうせっか"
"n119","つのでつく"
"n119","みだれづき"
"n119","たきのぼり"
"n119","こうそくいどう"
"n119","つのドリル"
"n119","メガホーン"
"n119","ずつき"
"n119","ねむる"
"n119","まもる"
"n119","みがわり"
"n119","からげんき"
"n119","たきのぼり"
"n119","どくづき"
"n119","どくどく"
"n119","ねっとう"
"n119","なみのり"
"n119","はかいこうせん"
"n119","ふぶき"
"n119","れいとうビーム"
"n119","ドリルライナー"
"n119","メガホーン"
"n120","たいあたり"
"n120","かたくなる"
"n120","サイコウェーブ"
"n120","みずでっぽう"
"n120","スピードスター"
"n120","ちいさくなる"
"n120","あやしいひかり"
"n120","バブルこうせん"
"n120","ひかりのかべ"
"n120","サイコキネシス"
"n120","じこさいせい"
"n120","ハイドロポンプ"
"n120","ずつき"
"n120","テレポート"
"n120","ねむる"
"n120","ひかりのかべ"
"n120","まもる"
"n120","みがわり"
"n120","リフレクター"
"n120","からげんき"
"n120","でんじは"
"n120","たきのぼり"
"n120","どくどく"
"n120","トライアタック"
"n120","ねっとう"
"n120","マジカルシャイン"
"n120","10まんボルト"
"n120","かみなり"
"n120","サイコキネシス"
"n120","なみのり"
"n120","ふぶき"
"n120","ラスターカノン"
"n120","れいとうビーム"
"n121","みずでっぽう"
"n121","たいあたり"
"n121","かたくなる"
"n121","サイコウェーブ"
"n121","ずつき"
"n121","テレポート"
"n121","ねむる"
"n121","ひかりのかべ"
"n121","まもる"
"n121","みがわり"
"n121","リフレクター"
"n121","からげんき"
"n121","でんじは"
"n121","たきのぼり"
"n121","どくどく"
"n121","トライアタック"
"n121","ねっとう"
"n121","マジカルシャイン"
"n121","10まんボルト"
"n121","かみなり"
"n121","サイコキネシス"
"n121","なみのり"
"n121","はかいこうせん"
"n121","ふぶき"
"n121","ラスターカノン"
"n121","れいとうビーム"
"n121","ゆめくい"
"n121","スピードスター"
"n121","ちいさくなる"
"n121","あやしいひかり"
"n121","バブルこうせん"
"n121","じこさいせい"
"n121","ハイドロポンプ"
"n122","バリアー"
"n122","ねんりき"
"n122","はたく"
"n122","ヨガのポーズ"
"n122","おうふくビンタ"
"n122","ものまね"
"n122","サイコウェーブ"
"n122","アンコール"
"n122","サイケこうせん"
"n122","ひかりのかべ"
"n122","リフレクター"
"n122","みがわり"
"n122","サイコキネシス"
"n122","ずつき"
"n122","ちょうはつ"
"n122","てだすけ"
"n122","テレポート"
"n122","ねむる"
"n122","ひかりのかべ"
"n122","まもる"
"n122","みがわり"
"n122","リフレクター"
"n122","からげんき"
"n122","かわらわり"
"n122","ちきゅうなげ"
"n122","でんじは"
"n122","イカサマ"
"n122","かみなりパンチ"
"n122","どくどく"
"n122","ほのおのパンチ"
"n122","マジカルシャイン"
"n122","めいそう"
"n122","れいとうパンチ"
"n122","10まんボルト"
"n122","かみなり"
"n122","サイコキネシス"
"n122","シャドーボール"
"n122","ソーラービーム"
"n122","はかいこうせん"
"n122","ゆめくい"
"n123","でんこうせっか"
"n123","にらみつける"
"n123","きあいだめ"
"n123","かげぶんしん"
"n123","フェイント"
"n123","つばさでうつ"
"n123","こうそくいどう"
"n123","きりさく"
"n123","かまいたち"
"n123","エアスラッシュ"
"n123","つるぎのまい"
"n123","シザークロス"
"n123","ずつき"
"n123","ねむる"
"n123","ひかりのかべ"
"n123","まもる"
"n123","みがわり"
"n123","からげんき"
"n123","かわらわり"
"n123","とんぼがえり"
"n123","シザークロス"
"n123","どくどく"
"n123","はかいこうせん"
"n123","はねやすめ"
"n124","はたく"
"n124","したでなめる"
"n124","ねんりき"
"n124","いやなおと"
"n124","おうふくビンタ"
"n124","れいとうパンチ"
"n124","のしかかり"
"n124","あくまのキッス"
"n124","サイコキネシス"
"n124","ふぶき"
"n124","ずつき"
"n124","ちょうはつ"
"n124","てだすけ"
"n124","テレポート"
"n124","ねむる"
"n124","ひかりのかべ"
"n124","まもる"
"n124","みがわり"
"n124","リフレクター"
"n124","からげんき"
"n124","かわらわり"
"n124","ちきゅうなげ"
"n124","どくどく"
"n124","めいそう"
"n124","れいとうパンチ"
"n124","サイコキネシス"
"n124","シャドーボール"
"n124","はかいこうせん"
"n124","ふぶき"
"n124","れいとうビーム"
"n124","ゆめくい"
"n125","にらみつける"
"n125","でんきショック"
"n125","でんこうせっか"
"n125","でんじは"
"n125","スピードスター"
"n125","けたぐり"
"n125","ひかりのかべ"
"n125","かみなりパンチ"
"n125","いやなおと"
"n125","10まんボルト"
"n125","かみなり"
"n125","ずつき"
"n125","ちょうはつ"
"n125","てだすけ"
"n125","テレポート"
"n125","ねむる"
"n125","ひかりのかべ"
"n125","まもる"
"n125","みがわり"
"n125","リフレクター"
"n125","からげんき"
"n125","かわらわり"
"n125","ちきゅうなげ"
"n125","でんじは"
"n125","アイアンテール"
"n125","かみなりパンチ"
"n125","どくどく"
"n125","ほのおのパンチ"
"n125","れいとうパンチ"
"n125","10まんボルト"
"n125","かみなり"
"n125","サイコキネシス"
"n125","はかいこうせん"
"n126","にらみつける"
"n126","ひのこ"
"n126","スモッグ"
"n126","えんまく"
"n126","クリアスモッグ"
"n126","けたぐり"
"n126","ほのおのうず"
"n126","ほのおのパンチ"
"n126","あやしいひかり"
"n126","かえんほうしゃ"
"n126","だいもんじ"
"n126","ずつき"
"n126","ちょうはつ"
"n126","てだすけ"
"n126","テレポート"
"n126","ねむる"
"n126","まもる"
"n126","みがわり"
"n126","おにび"
"n126","からげんき"
"n126","かわらわり"
"n126","ちきゅうなげ"
"n126","アイアンテール"
"n126","かみなりパンチ"
"n126","どくどく"
"n126","ほのおのパンチ"
"n126","かえんほうしゃ"
"n126","サイコキネシス"
"n126","だいもんじ"
"n126","はかいこうせん"
"n127","はさむ"
"n127","きあいだめ"
"n127","しめつける"
"n127","ちきゅうなげ"
"n127","かたくなる"
"n127","かわらわり"
"n127","シザークロス"
"n127","じごくぐるま"
"n127","つるぎのまい"
"n127","あばれる"
"n127","ばかぢから"
"n127","ハサミギロチン"
"n127","ずつき"
"n127","てだすけ"
"n127","ねむる"
"n127","まもる"
"n127","みがわり"
"n127","あなをほる"
"n127","からげんき"
"n127","かわらわり"
"n127","ちきゅうなげ"
"n127","いわなだれ"
"n127","シザークロス"
"n127","どくどく"
"n127","ビルドアップ"
"n127","げきりん"
"n127","じしん"
"n127","はかいこうせん"
"n127","ばかぢから"
"n127","ステルスロック"
"n127m","はさむ"
"n127m","きあいだめ"
"n127m","しめつける"
"n127m","ちきゅうなげ"
"n127m","かたくなる"
"n127m","かわらわり"
"n127m","シザークロス"
"n127m","じごくぐるま"
"n127m","つるぎのまい"
"n127m","あばれる"
"n127m","ばかぢから"
"n127m","ハサミギロチン"
"n127m","ずつき"
"n127m","てだすけ"
"n127m","ねむる"
"n127m","まもる"
"n127m","みがわり"
"n127m","あなをほる"
"n127m","からげんき"
"n127m","かわらわり"
"n127m","ちきゅうなげ"
"n127m","いわなだれ"
"n127m","シザークロス"
"n127m","どくどく"
"n127m","ビルドアップ"
"n127m","げきりん"
"n127m","じしん"
"n127m","はかいこうせん"
"n127m","ばかぢから"
"n127m","ステルスロック"
"n128","たいあたり"
"n128","しっぽをふる"
"n128","いかり"
"n128","つのでつく"
"n128","にらみつける"
"n128","ねむる"
"n128","とっしん"
"n128","きあいだめ"
"n128","あばれる"
"n128","すてみタックル"
"n128","げきりん"
"n128","ずつき"
"n128","てだすけ"
"n128","ねむる"
"n128","まもる"
"n128","みがわり"
"n128","からげんき"
"n128","アイアンテール"
"n128","いわなだれ"
"n128","どくどく"
"n128","10まんボルト"
"n128","かえんほうしゃ"
"n128","かみなり"
"n128","げきりん"
"n128","じしん"
"n128","ソーラービーム"
"n128","だいもんじ"
"n128","なみのり"
"n128","はかいこうせん"
"n128","ふぶき"
"n128","れいとうビーム"
"n129","はねる"
"n129","たいあたり"
"n130","かみつく"
"n130","あばれる"
"n130","かみつく"
"n130","にらみつける"
"n130","りゅうのいかり"
"n130","しめつける"
"n130","にらみつける"
"n130","りゅうのいかり"
"n130","しめつける"
"n130","いかり"
"n130","ドラゴンテール"
"n130","たきのぼり"
"n130","かみくだく"
"n130","げきりん"
"n130","ハイドロポンプ"
"n130","はかいこうせん"
"n130","ずつき"
"n130","ちょうはつ"
"n130","ねむる"
"n130","まもる"
"n130","みがわり"
"n130","リフレクター"
"n130","からげんき"
"n130","でんじは"
"n130","ドラゴンテール"
"n130","アイアンテール"
"n130","あくのはどう"
"n130","たきのぼり"
"n130","どくどく"
"n130","ねっとう"
"n130","りゅうのはどう"
"n130","10まんボルト"
"n130","かえんほうしゃ"
"n130","かみなり"
"n130","げきりん"
"n130","じしん"
"n130","だいもんじ"
"n130","なみのり"
"n130","はかいこうせん"
"n130","ふぶき"
"n130","れいとうビーム"
"n130","はねる"
"n130","たいあたり"
"n130m","かみつく"
"n130m","あばれる"
"n130m","かみつく"
"n130m","にらみつける"
"n130m","りゅうのいかり"
"n130m","しめつける"
"n130m","にらみつける"
"n130m","りゅうのいかり"
"n130m","しめつける"
"n130m","いかり"
"n130m","ドラゴンテール"
"n130m","たきのぼり"
"n130m","かみくだく"
"n130m","げきりん"
"n130m","ハイドロポンプ"
"n130m","はかいこうせん"
"n130m","ずつき"
"n130m","ちょうはつ"
"n130m","ねむる"
"n130m","まもる"
"n130m","みがわり"
"n130m","リフレクター"
"n130m","からげんき"
"n130m","でんじは"
"n130m","ドラゴンテール"
"n130m","アイアンテール"
"n130m","あくのはどう"
"n130m","たきのぼり"
"n130m","どくどく"
"n130m","ねっとう"
"n130m","りゅうのはどう"
"n130m","10まんボルト"
"n130m","かえんほうしゃ"
"n130m","かみなり"
"n130m","げきりん"
"n130m","じしん"
"n130m","だいもんじ"
"n130m","なみのり"
"n130m","はかいこうせん"
"n130m","ふぶき"
"n130m","れいとうビーム"
"n130m","はねる"
"n130m","たいあたり"
"n131","うたう"
"n131","みずでっぽう"
"n131","なきごえ"
"n131","しろいきり"
"n131","こおりのつぶて"
"n131","あやしいひかり"
"n131","のしかかり"
"n131","れいとうビーム"
"n131","なみのり"
"n131","りゅうのはどう"
"n131","ふぶき"
"n131","ハイドロポンプ"
"n131","ずつき"
"n131","ねむる"
"n131","まもる"
"n131","みがわり"
"n131","リフレクター"
"n131","からげんき"
"n131","アイアンテール"
"n131","たきのぼり"
"n131","どくどく"
"n131","りゅうのはどう"
"n131","10まんボルト"
"n131","かみなり"
"n131","げきりん"
"n131","サイコキネシス"
"n131","ソーラービーム"
"n131","なみのり"
"n131","はかいこうせん"
"n131","ふぶき"
"n131","れいとうビーム"
"n131","ドリルライナー"
"n131","ゆめくい"
"n131","メガホーン"
"n132","へんしん"
"n133","たいあたり"
"n133","なきごえ"
"n133","しっぽをふる"
"n133","でんこうせっか"
"n133","にどげり"
"n133","すなかけ"
"n133","かみつく"
"n133","スピードスター"
"n133","とっしん"
"n133","すてみタックル"
"n133","てだすけ"
"n133","ずつき"
"n133","てだすけ"
"n133","ねむる"
"n133","まもる"
"n133","みがわり"
"n133","リフレクター"
"n133","あなをほる"
"n133","からげんき"
"n133","アイアンテール"
"n133","どくどく"
"n133","シャドーボール"
"n133","ネコにこばん"
"n133b","たいあたり"
"n133b","なきごえ"
"n133b","しっぽをふる"
"n133b","でんこうせっか"
"n133b","にどげり"
"n133b","すなかけ"
"n133b","かみつく"
"n133b","スピードスター"
"n133b","とっしん"
"n133b","すてみタックル"
"n133b","てだすけ"
"n133b","ずつき"
"n133b","てだすけ"
"n133b","ねむる"
"n133b","まもる"
"n133b","みがわり"
"n133b","リフレクター"
"n133b","あなをほる"
"n133b","からげんき"
"n133b","アイアンテール"
"n133b","どくどく"
"n133b","シャドーボール"
"n133b","ネコにこばん"
"n133b","いきいきバブル"
"n133b","びりびりエレキ"
"n133b","めらめらバーン"
"n133b","どばどばオーラ"
"n133b","わるわるゾーン"
"n133b","すくすくボンバー"
"n133b","こちこちフロスト"
"n133b","きらきらストーム"
"n133b","ブイブイブレイク"
"n134","みずでっぽう"
"n134","たいあたり"
"n134","しっぽをふる"
"n134","みずでっぽう"
"n134","すなかけ"
"n134","あくび"
"n134","なきごえ"
"n134","しっぽをふる"
"n134","でんこうせっか"
"n134","にどげり"
"n134","すなかけ"
"n134","オーロラビーム"
"n134","くろいきり"
"n134","とける"
"n134","てだすけ"
"n134","ハイドロポンプ"
"n134","ずつき"
"n134","てだすけ"
"n134","ねむる"
"n134","まもる"
"n134","みがわり"
"n134","リフレクター"
"n134","あなをほる"
"n134","からげんき"
"n134","アイアンテール"
"n134","たきのぼり"
"n134","どくどく"
"n134","ねっとう"
"n134","シャドーボール"
"n134","なみのり"
"n134","はかいこうせん"
"n134","ふぶき"
"n134","れいとうビーム"
"n134","ネコにこばん"
"n134","かみつく"
"n134","スピードスター"
"n134","とっしん"
"n134","すてみタックル"
"n135","でんきショック"
"n135","たいあたり"
"n135","しっぽをふる"
"n135","でんきショック"
"n135","すなかけ"
"n135","あくび"
"n135","なきごえ"
"n135","しっぽをふる"
"n135","でんこうせっか"
"n135","にどげり"
"n135","すなかけ"
"n135","ミサイルばり"
"n135","でんじは"
"n135","こうそくいどう"
"n135","てだすけ"
"n135","かみなり"
"n135","ずつき"
"n135","てだすけ"
"n135","ねむる"
"n135","ひかりのかべ"
"n135","まもる"
"n135","みがわり"
"n135","リフレクター"
"n135","あなをほる"
"n135","からげんき"
"n135","でんじは"
"n135","アイアンテール"
"n135","どくどく"
"n135","10まんボルト"
"n135","かみなり"
"n135","シャドーボール"
"n135","はかいこうせん"
"n135","ネコにこばん"
"n135","かみつく"
"n135","スピードスター"
"n135","とっしん"
"n135","すてみタックル"
"n136","ひのこ"
"n136","たいあたり"
"n136","しっぽをふる"
"n136","ひのこ"
"n136","すなかけ"
"n136","あくび"
"n136","なきごえ"
"n136","しっぽをふる"
"n136","でんこうせっか"
"n136","にどげり"
"n136","すなかけ"
"n136","ほのおのうず"
"n136","スモッグ"
"n136","きあいだめ"
"n136","てだすけ"
"n136","フレアドライブ"
"n136","ずつき"
"n136","てだすけ"
"n136","ねむる"
"n136","まもる"
"n136","みがわり"
"n136","リフレクター"
"n136","あなをほる"
"n136","おにび"
"n136","からげんき"
"n136","アイアンテール"
"n136","どくどく"
"n136","かえんほうしゃ"
"n136","シャドーボール"
"n136","だいもんじ"
"n136","はかいこうせん"
"n136","ばかぢから"
"n136","ネコにこばん"
"n136","かみつく"
"n136","スピードスター"
"n136","とっしん"
"n136","すてみタックル"
"n137","たいあたり"
"n137","かくばる"
"n137","サイケこうせん"
"n137","こうそくいどう"
"n137","バリアー"
"n137","トライアタック"
"n137","でんじは"
"n137","テクスチャー"
"n137","じこさいせい"
"n137","はかいこうせん"
"n137","ずつき"
"n137","テレポート"
"n137","ねむる"
"n137","まもる"
"n137","みがわり"
"n137","リフレクター"
"n137","からげんき"
"n137","でんじは"
"n137","アイアンテール"
"n137","イカサマ"
"n137","どくどく"
"n137","トライアタック"
"n137","10まんボルト"
"n137","かみなり"
"n137","サイコキネシス"
"n137","シャドーボール"
"n137","ソーラービーム"
"n137","はかいこうせん"
"n137","ふぶき"
"n137","れいとうビーム"
"n137","ゆめくい"
"n138","からみつく"
"n138","からにこもる"
"n138","にらみつける"
"n138","みずでっぽう"
"n138","かみつく"
"n138","いわおとし"
"n138","まもる"
"n138","いわなだれ"
"n138","ハイドロポンプ"
"n138","からをやぶる"
"n138","ずつき"
"n138","ねむる"
"n138","まもる"
"n138","みがわり"
"n138","リフレクター"
"n138","からげんき"
"n138","いわなだれ"
"n138","たきのぼり"
"n138","どくどく"
"n138","ねっとう"
"n138","なみのり"
"n138","ふぶき"
"n138","れいとうビーム"
"n138","ステルスロック"
"n139","とげキャノン"
"n139","からみつく"
"n139","からにこもる"
"n139","とげキャノン"
"n139","みずでっぽう"
"n139","がまん"
"n139","ちょうおんぱ"
"n139","にらみつける"
"n139","からにこもる"
"n139","にらみつける"
"n139","みずでっぽう"
"n139","かみつく"
"n139","いわおとし"
"n139","まもる"
"n139","いわなだれ"
"n139","ハイドロポンプ"
"n139","からをやぶる"
"n139","ずつき"
"n139","ねむる"
"n139","まもる"
"n139","みがわり"
"n139","リフレクター"
"n139","からげんき"
"n139","ちきゅうなげ"
"n139","いわなだれ"
"n139","たきのぼり"
"n139","どくどく"
"n139","ねっとう"
"n139","なみのり"
"n139","はかいこうせん"
"n139","ふぶき"
"n139","れいとうビーム"
"n139","ステルスロック"
"n140","ひっかく"
"n140","かたくなる"
"n140","にらみつける"
"n140","すいとる"
"n140","アクアジェット"
"n140","いわおとし"
"n140","すなかけ"
"n140","いわなだれ"
"n140","きゅうけつ"
"n140","ずつき"
"n140","ねむる"
"n140","まもる"
"n140","みがわり"
"n140","リフレクター"
"n140","あなをほる"
"n140","からげんき"
"n140","いわなだれ"
"n140","たきのぼり"
"n140","どくどく"
"n140","ねっとう"
"n140","なみのり"
"n140","ふぶき"
"n140","メガドレイン"
"n140","れいとうビーム"
"n140","ステルスロック"
"n141","きりさく"
"n141","ひっかく"
"n141","かたくなる"
"n141","すいとる"
"n141","フェイント"
"n141","にらみつける"
"n141","きりさく"
"n141","いやなおと"
"n141","あやしいひかり"
"n141","かたくなる"
"n141","にらみつける"
"n141","すいとる"
"n141","アクアジェット"
"n141","いわおとし"
"n141","すなかけ"
"n141","いわなだれ"
"n141","きゅうけつ"
"n141","つるぎのまい"
"n141","ずつき"
"n141","ねむる"
"n141","まもる"
"n141","みがわり"
"n141","リフレクター"
"n141","あなをほる"
"n141","からげんき"
"n141","かわらわり"
"n141","ちきゅうなげ"
"n141","いわなだれ"
"n141","シザークロス"
"n141","たきのぼり"
"n141","どくどく"
"n141","ねっとう"
"n141","なみのり"
"n141","はかいこうせん"
"n141","ばかぢから"
"n141","ふぶき"
"n141","メガドレイン"
"n141","れいとうビーム"
"n141","ステルスロック"
"n142","つばさでうつ"
"n142","かみつく"
"n142","ほえる"
"n142","ちょうおんぱ"
"n142","いわおとし"
"n142","こうそくいどう"
"n142","かみくだく"
"n142","いわなだれ"
"n142","そらをとぶ"
"n142","とっしん"
"n142","はかいこうせん"
"n142","ずつき"
"n142","ちょうはつ"
"n142","ねむる"
"n142","まもる"
"n142","みがわり"
"n142","リフレクター"
"n142","からげんき"
"n142","そらをとぶ"
"n142","アイアンテール"
"n142","いわなだれ"
"n142","どくどく"
"n142","りゅうのはどう"
"n142","かえんほうしゃ"
"n142","じしん"
"n142","だいもんじ"
"n142","はかいこうせん"
"n142","はねやすめ"
"n142","ステルスロック"
"n142m","つばさでうつ"
"n142m","かみつく"
"n142m","ほえる"
"n142m","ちょうおんぱ"
"n142m","いわおとし"
"n142m","こうそくいどう"
"n142m","かみくだく"
"n142m","いわなだれ"
"n142m","そらをとぶ"
"n142m","とっしん"
"n142m","はかいこうせん"
"n142m","ずつき"
"n142m","ちょうはつ"
"n142m","ねむる"
"n142m","まもる"
"n142m","みがわり"
"n142m","リフレクター"
"n142m","からげんき"
"n142m","そらをとぶ"
"n142m","アイアンテール"
"n142m","いわなだれ"
"n142m","どくどく"
"n142m","りゅうのはどう"
"n142m","かえんほうしゃ"
"n142m","じしん"
"n142m","だいもんじ"
"n142m","はかいこうせん"
"n142m","はねやすめ"
"n142m","ステルスロック"
"n143","たいあたり"
"n143","まるくなる"
"n143","あくび"
"n143","したでなめる"
"n143","ずつき"
"n143","ねむる"
"n143","いやなおと"
"n143","ドわすれ"
"n143","のしかかり"
"n143","かみくだく"
"n143","ばかぢから"
"n143","ずつき"
"n143","ねむる"
"n143","まもる"
"n143","みがわり"
"n143","リフレクター"
"n143","からげんき"
"n143","かわらわり"
"n143","ちきゅうなげ"
"n143","いわなだれ"
"n143","かみなりパンチ"
"n143","どくどく"
"n143","ほのおのパンチ"
"n143","れいとうパンチ"
"n143","10まんボルト"
"n143","かえんほうしゃ"
"n143","かみなり"
"n143","げきりん"
"n143","サイコキネシス"
"n143","じしん"
"n143","じばく"
"n143","シャドーボール"
"n143","ソーラービーム"
"n143","だいもんじ"
"n143","なみのり"
"n143","はかいこうせん"
"n143","ばかぢから"
"n143","ふぶき"
"n143","れいとうビーム"
"n143","ネコにこばん"
"n144","かぜおこし"
"n144","こおりのつぶて"
"n144","しろいきり"
"n144","にらみつける"
"n144","ミラーコート"
"n144","れいとうビーム"
"n144","こうそくいどう"
"n144","リフレクター"
"n144","はねやすめ"
"n144","ふぶき"
"n144","ゴッドバード"
"n144","ずつき"
"n144","ねむる"
"n144","まもる"
"n144","みがわり"
"n144","リフレクター"
"n144","からげんき"
"n144","そらをとぶ"
"n144","とんぼがえり"
"n144","どくどく"
"n144","はかいこうせん"
"n144","はねやすめ"
"n144","ふぶき"
"n144","れいとうビーム"
"n145","つつく"
"n145","でんきショック"
"n145","でんじは"
"n145","にらみつける"
"n145","ドリルくちばし"
"n145","10まんボルト"
"n145","こうそくいどう"
"n145","ひかりのかべ"
"n145","はねやすめ"
"n145","かみなり"
"n145","ゴッドバード"
"n145","ずつき"
"n145","ねむる"
"n145","ひかりのかべ"
"n145","まもる"
"n145","みがわり"
"n145","リフレクター"
"n145","からげんき"
"n145","そらをとぶ"
"n145","でんじは"
"n145","とんぼがえり"
"n145","どくどく"
"n145","10まんボルト"
"n145","かみなり"
"n145","はかいこうせん"
"n145","はねやすめ"
"n146","つばさでうつ"
"n146","ひのこ"
"n146","ほのおのうず"
"n146","にらみつける"
"n146","エアスラッシュ"
"n146","かえんほうしゃ"
"n146","こうそくいどう"
"n146","ねっぷう"
"n146","はねやすめ"
"n146","ソーラービーム"
"n146","ゴッドバード"
"n146","ずつき"
"n146","ねむる"
"n146","まもる"
"n146","みがわり"
"n146","リフレクター"
"n146","おにび"
"n146","からげんき"
"n146","そらをとぶ"
"n146","とんぼがえり"
"n146","どくどく"
"n146","かえんほうしゃ"
"n146","ソーラービーム"
"n146","だいもんじ"
"n146","はかいこうせん"
"n146","はねやすめ"
"n147","まきつく"
"n147","にらみつける"
"n147","でんじは"
"n147","りゅうのいかり"
"n147","こうそくいどう"
"n147","ドラゴンテール"
"n147","たたきつける"
"n147","げきりん"
"n147","はかいこうせん"
"n147","ずつき"
"n147","ねむる"
"n147","ひかりのかべ"
"n147","まもる"
"n147","みがわり"
"n147","リフレクター"
"n147","からげんき"
"n147","でんじは"
"n147","ドラゴンテール"
"n147","アイアンテール"
"n147","たきのぼり"
"n147","どくどく"
"n147","りゅうのはどう"
"n147","10まんボルト"
"n147","かえんほうしゃ"
"n147","かみなり"
"n147","げきりん"
"n147","だいもんじ"
"n147","なみのり"
"n147","はかいこうせん"
"n147","ふぶき"
"n147","れいとうビーム"
"n148","まきつく"
"n148","にらみつける"
"n148","でんじは"
"n148","りゅうのいかり"
"n148","でんじは"
"n148","りゅうのいかり"
"n148","こうそくいどう"
"n148","ドラゴンテール"
"n148","たたきつける"
"n148","げきりん"
"n148","はかいこうせん"
"n148","ずつき"
"n148","ねむる"
"n148","ひかりのかべ"
"n148","まもる"
"n148","みがわり"
"n148","リフレクター"
"n148","からげんき"
"n148","でんじは"
"n148","ドラゴンテール"
"n148","アイアンテール"
"n148","たきのぼり"
"n148","どくどく"
"n148","りゅうのはどう"
"n148","10まんボルト"
"n148","かえんほうしゃ"
"n148","かみなり"
"n148","げきりん"
"n148","だいもんじ"
"n148","なみのり"
"n148","はかいこうせん"
"n148","ふぶき"
"n148","れいとうビーム"
"n149","つばさでうつ"
"n149","ほのおのパンチ"
"n149","かみなりパンチ"
"n149","まきつく"
"n149","にらみつける"
"n149","でんじは"
"n149","つばさでうつ"
"n149","しろいきり"
"n149","アクアジェット"
"n149","りゅうのいかり"
"n149","でんじは"
"n149","りゅうのいかり"
"n149","こうそくいどう"
"n149","ドラゴンテール"
"n149","たたきつける"
"n149","げきりん"
"n149","はかいこうせん"
"n149","はねやすめ"
"n149","ずつき"
"n149","ねむる"
"n149","ひかりのかべ"
"n149","まもる"
"n149","みがわり"
"n149","リフレクター"
"n149","からげんき"
"n149","かわらわり"
"n149","そらをとぶ"
"n149","でんじは"
"n149","ドラゴンテール"
"n149","アイアンテール"
"n149","いわなだれ"
"n149","かみなりパンチ"
"n149","たきのぼり"
"n149","どくどく"
"n149","ほのおのパンチ"
"n149","りゅうのはどう"
"n149","れいとうパンチ"
"n149","10まんボルト"
"n149","かえんほうしゃ"
"n149","かみなり"
"n149","げきりん"
"n149","じしん"
"n149","だいもんじ"
"n149","なみのり"
"n149","はかいこうせん"
"n149","ばかぢから"
"n149","はねやすめ"
"n149","ふぶき"
"n149","れいとうビーム"
"n150","ねんりき"
"n150","かなしばり"
"n150","サイコウェーブ"
"n150","あやしいひかり"
"n150","テレポート"
"n150","しろいきり"
"n150","サイケこうせん"
"n150","スピードスター"
"n150","ドわすれ"
"n150","じこさいせい"
"n150","サイコキネシス"
"n150","バリアー"
"n150","こうそくいどう"
"n150","めいそう"
"n150","ずつき"
"n150","ちょうはつ"
"n150","テレポート"
"n150","ねむる"
"n150","ひかりのかべ"
"n150","まもる"
"n150","みがわり"
"n150","リフレクター"
"n150","おにび"
"n150","からげんき"
"n150","かわらわり"
"n150","ちきゅうなげ"
"n150","でんじは"
"n150","アイアンテール"
"n150","イカサマ"
"n150","いわなだれ"
"n150","かみなりパンチ"
"n150","どくづき"
"n150","どくどく"
"n150","トライアタック"
"n150","ビルドアップ"
"n150","ほのおのパンチ"
"n150","めいそう"
"n150","れいとうパンチ"
"n150","10まんボルト"
"n150","かえんほうしゃ"
"n150","かみなり"
"n150","サイコキネシス"
"n150","じしん"
"n150","じばく"
"n150","シャドーボール"
"n150","ソーラービーム"
"n150","だいもんじ"
"n150","はかいこうせん"
"n150","ふぶき"
"n150","れいとうビーム"
"n150","ネコにこばん"
"n150","ゆめくい"
"n150x","ねんりき"
"n150x","かなしばり"
"n150x","サイコウェーブ"
"n150x","あやしいひかり"
"n150x","テレポート"
"n150x","しろいきり"
"n150x","サイケこうせん"
"n150x","スピードスター"
"n150x","ドわすれ"
"n150x","じこさいせい"
"n150x","サイコキネシス"
"n150x","バリアー"
"n150x","こうそくいどう"
"n150x","めいそう"
"n150x","ずつき"
"n150x","ちょうはつ"
"n150x","テレポート"
"n150x","ねむる"
"n150x","ひかりのかべ"
"n150x","まもる"
"n150x","みがわり"
"n150x","リフレクター"
"n150x","おにび"
"n150x","からげんき"
"n150x","かわらわり"
"n150x","ちきゅうなげ"
"n150x","でんじは"
"n150x","アイアンテール"
"n150x","イカサマ"
"n150x","いわなだれ"
"n150x","かみなりパンチ"
"n150x","どくづき"
"n150x","どくどく"
"n150x","トライアタック"
"n150x","ビルドアップ"
"n150x","ほのおのパンチ"
"n150x","めいそう"
"n150x","れいとうパンチ"
"n150x","10まんボルト"
"n150x","かえんほうしゃ"
"n150x","かみなり"
"n150x","サイコキネシス"
"n150x","じしん"
"n150x","じばく"
"n150x","シャドーボール"
"n150x","ソーラービーム"
"n150x","だいもんじ"
"n150x","はかいこうせん"
"n150x","ふぶき"
"n150x","れいとうビーム"
"n150x","ネコにこばん"
"n150x","ゆめくい"
"n150y","ねんりき"
"n150y","かなしばり"
"n150y","サイコウェーブ"
"n150y","あやしいひかり"
"n150y","テレポート"
"n150y","しろいきり"
"n150y","サイケこうせん"
"n150y","スピードスター"
"n150y","ドわすれ"
"n150y","じこさいせい"
"n150y","サイコキネシス"
"n150y","バリアー"
"n150y","こうそくいどう"
"n150y","めいそう"
"n150y","ずつき"
"n150y","ちょうはつ"
"n150y","テレポート"
"n150y","ねむる"
"n150y","ひかりのかべ"
"n150y","まもる"
"n150y","みがわり"
"n150y","リフレクター"
"n150y","おにび"
"n150y","からげんき"
"n150y","かわらわり"
"n150y","ちきゅうなげ"
"n150y","でんじは"
"n150y","アイアンテール"
"n150y","イカサマ"
"n150y","いわなだれ"
"n150y","かみなりパンチ"
"n150y","どくづき"
"n150y","どくどく"
"n150y","トライアタック"
"n150y","ビルドアップ"
"n150y","ほのおのパンチ"
"n150y","めいそう"
"n150y","れいとうパンチ"
"n150y","10まんボルト"
"n150y","かえんほうしゃ"
"n150y","かみなり"
"n150y","サイコキネシス"
"n150y","じしん"
"n150y","じばく"
"n150y","シャドーボール"
"n150y","ソーラービーム"
"n150y","だいもんじ"
"n150y","はかいこうせん"
"n150y","ふぶき"
"n150y","れいとうビーム"
"n150y","ネコにこばん"
"n150y","ゆめくい"
"n151","はたく"
"n151","ねんりき"
"n151","ものまね"
"n151","スピードスター"
"n151","ドわすれ"
"n151","サイコウェーブ"
"n151","バリアー"
"n151","メガトンパンチ"
"n151","ゆびをふる"
"n151","サイコキネシス"
"n151","わるだくみ"
"n151","へんしん"
"n151","ずつき"
"n151","ちょうはつ"
"n151","てだすけ"
"n151","テレポート"
"n151","ねむる"
"n151","ひかりのかべ"
"n151","まもる"
"n151","みがわり"
"n151","リフレクター"
"n151","あなをほる"
"n151","おにび"
"n151","からげんき"
"n151","かわらわり"
"n151","そらをとぶ"
"n151","ちきゅうなげ"
"n151","でんじは"
"n151","ドラゴンテール"
"n151","とんぼがえり"
"n151","アイアンテール"
"n151","あくのはどう"
"n151","イカサマ"
"n151","いわなだれ"
"n151","かみなりパンチ"
"n151","シザークロス"
"n151","たきのぼり"
"n151","どくづき"
"n151","どくどく"
"n151","トライアタック"
"n151","ねっとう"
"n151","ビルドアップ"
"n151","ほのおのパンチ"
"n151","マジカルシャイン"
"n151","めいそう"
"n151","りゅうのはどう"
"n151","れいとうパンチ"
"n151","10まんボルト"
"n151","かえんほうしゃ"
"n151","かみなり"
"n151","げきりん"
"n151","サイコキネシス"
"n151","じしん"
"n151","じばく"
"n151","シャドーボール"
"n151","じゃれつく"
"n151","ソーラービーム"
"n151","だいもんじ"
"n151","なみのり"
"n151","はかいこうせん"
"n151","ばかぢから"
"n151","はねやすめ"
"n151","ふぶき"
"n151","ヘドロばくだん"
"n151","メガドレイン"
"n151","ラスターカノン"
"n151","れいとうビーム"
"n151","ステルスロック"
"n151","ネコにこばん"
"n151","ドリルライナー"
"n151","ゆめくい"
"n151","メガホーン"
