"id","name","type","power1","power2","pp","accuracy","priority","damageType","isDirect","canProtect"
"1","アームハンマー","1","100","180","10","90","0","物理","true","true"
"2","アイアンテール","8","100","180","15","75","0","物理","true","true"
"3","アイアンヘッド","8","80","160","15","100","0","物理","true","true"
"4","アイスハンマー","14","100","180","10","90","0","物理","true","true"
"5","アイスボール","14","30","100","20","90","0","物理","true","true"
"6","あおいほのお","9","130","195","5","85","0","特殊","false","true"
"7","アクアジェット","10","40","100","20","100","1","物理","true","true"
"8","アクアテール","10","90","175","10","90","0","物理","true","true"
"9","アクアブレイク","10","85","160","10","100","0","物理","true","true"
"10","アクアリング","10","-","-","20","-","0","変化","false","false"
"11","あくうせつだん","15","100","180","5","95","0","特殊","false","true"
"12","アクセルロック","5","40","100","20","100","1","物理","true","true"
"13","あくのはどう","16","80","160","15","100","0","特殊","false","true"
"14","あくび","0","-","-","10","-","0","変化","false","true"
"15","あくまのキッス","0","-","-","10","75","0","変化","false","true"
"16","あくむ","7","-","-","15","100","0","変化","false","true"
"17","アクロバット","2","55","100","15","100","0","物理","true","true"
"18","あさのひざし","0","-","-","5","-","0","変化","false","false"
"19","アシストギア","8","-","-","20","-","0","変化","false","false"
"20","アシストパワー","13","20","160","10","100","0","特殊","false","true"
"21","アシッドボム","3","40","100","20","100","0","特殊","false","true"
"22","アシッドポイズンデリート","3","-","-","1","-","0","-","false","false"
"23","あてみなげ","1","70","140","10","-","-1","物理","true","true"
"24","あなをほる","4","80","160","10","100","0","物理","true","true"
"25","あばれる","0","120","190","10","100","0","物理","true","true"
"26","アフロブレイク","0","120","190","15","100","0","物理","true","true"
"27","あまいかおり","0","-","-","20","100","0","変化","false","true"
"28","あまえる","17","-","-","20","100","0","変化","false","true"
"29","あまごい","10","-","-","5","-","0","変化","false","false"
"30","あやしいかぜ","7","60","120","5","100","0","特殊","false","true"
"31","あやしいひかり","7","-","-","10","100","0","変化","false","true"
"32","あられ","14","-","-","10","-","0","変化","false","false"
"33","アルティメットドラゴンバーン","15","-","-","1","-","0","-","false","false"
"34","アロマセラピー","11","-","-","5","-","0","変化","false","false"
"35","アロマミスト","17","-","-","20","-","0","変化","false","false"
"36","あわ","10","40","100","30","100","0","特殊","false","true"
"37","アンカーショット","8","80","160","20","100","0","物理","true","true"
"38","アンコール","0","-","-","5","100","0","変化","false","true"
"39","いあいぎり","0","50","100","30","95","0","物理","true","true"
"40","いえき","3","-","-","10","100","0","変化","false","true"
"41","イカサマ","16","95","175","15","100","0","物理","true","true"
"42","いかり","0","20","100","20","100","0","物理","true","true"
"43","いかりのこな","6","-","-","20","-","2","変化","false","false"
"44","いかりのまえば","0","-","100","10","90","0","物理","true","true"
"45","いじげんホール","13","80","160","5","-","0","特殊","false","false"
"46","いじげんラッシュ","16","100","180","5","-","0","物理","false","false"
"47","いたみわけ","0","-","-","20","-","0","変化","false","true"
"48","いちゃもん","16","-","-","15","100","0","変化","false","true"
"49","いとをはく","6","-","-","40","95","0","変化","false","true"
"50","いにしえのうた","0","75","140","10","100","0","特殊","false","true"
"51","いのちがけ","1","-","180","5","100","0","特殊","false","true"
"52","いばる","0","-","-","15","85","0","変化","false","true"
"53","いびき","0","50","100","15","100","0","特殊","false","true"
"54","いやしのすず","0","-","-","5","-","0","変化","false","false"
"55","いやしのねがい","13","-","-","10","-","0","変化","false","false"
"56","いやしのはどう","13","-","-","10","-","0","変化","false","true"
"57","いやなおと","0","-","-","40","85","0","変化","false","true"
"58","いわおとし","5","50","100","15","90","0","物理","false","true"
"59","いわくだき","1","40","100","15","100","0","物理","true","true"
"60","いわなだれ","5","75","140","10","90","0","物理","false","true"
"61","インファイト","1","120","190","5","100","0","物理","true","true"
"62","ウェザーボール","0","50","160","10","100","0","特殊","false","true"
"63","うずしお","10","35","100","15","85","0","特殊","false","true"
"64","うそなき","16","-","-","20","100","0","変化","false","true"
"65","うたう","0","-","-","15","55","0","変化","false","true"
"66","うたかたのアリア","10","90","175","10","100","0","特殊","false","true"
"67","うちおとす","5","50","100","15","100","0","物理","false","true"
"68","ウッドハンマー","11","120","190","15","100","0","物理","true","true"
"69","ウッドホーン","11","75","140","10","100","0","物理","true","true"
"70","うらみ","7","-","-","10","100","0","変化","false","true"
"71","ウルトラダッシュアタック","0","-","-","1","-","0","-","false","false"
"72","エアカッター","2","60","120","25","95","0","特殊","false","true"
"73","エアスラッシュ","2","75","140","15","95","0","特殊","false","true"
"74","エアロブラスト","2","100","180","5","95","0","特殊","false","true"
"75","エコーボイス","0","40","100","15","100","0","特殊","false","true"
"76","エナジーボール","11","90","175","10","100","0","特殊","false","true"
"77","エレキネット","12","55","100","15","95","0","特殊","false","true"
"78","エレキフィールド","12","-","-","10","-","0","変化","false","false"
"79","エレキボール","12","-","160","10","100","0","特殊","false","true"
"80","えんまく","0","-","-","20","100","0","変化","false","true"
"81","オーバーヒート","9","130","195","5","90","0","特殊","false","true"
"82","オーロラビーム","14","65","120","20","100","0","特殊","false","true"
"83","オーロラベール","14","-","-","20","-","0","変化","false","false"
"84","おいうち","16","40","100","20","100","0","物理","true","true"
"85","おいかぜ","2","-","-","15","-","0","変化","false","false"
"86","おいわい","0","0","-","40","0","0","変化","false","false"
"87","おうふくビンタ","0","15","100","10","85","0","物理","true","true"
"88","オウムがえし","2","-","-","20","-","0","変化","false","false"
"89","おきみやげ","16","-","-","10","100","0","変化","false","true"
"90","オクタンほう","10","65","120","10","85","0","特殊","false","true"
"91","おさきにどうぞ","0","-","-","15","-","0","変化","false","false"
"92","おしおき","16","-","160","5","100","0","物理","true","true"
"93","おしゃべり","2","65","120","20","100","0","特殊","false","true"
"94","おたけび","0","-","-","30","100","0","変化","false","true"
"95","おだてる","16","-","-","15","100","0","変化","false","true"
"96","おどろかす","7","30","100","15","100","0","物理","true","true"
"97","おにび","9","-","-","15","85","0","変化","false","true"
"98","おまじない","0","-","-","30","-","0","変化","false","false"
"99","オリジンズスーパーノヴァ","13","185","-","1","-","0","特殊","false","false"
"100","おんがえし","0","-","160","20","100","0","物理","true","true"
"101","おんねん","7","-","-","5","-","0","変化","false","false"
"102","かいでんぱ","12","-","-","15","100","0","変化","false","true"
"103","かいふくしれい","6","-","-","10","-","0","変化","false","false"
"104","かいふくふうじ","13","-","-","15","100","0","変化","false","true"
"105","かいりき","0","80","160","15","100","0","物理","true","true"
"106","カウンター","1","-","100","20","100","-5","物理","true","true"
"107","かえんぐるま","9","60","120","25","100","0","物理","true","true"
"108","かえんだん","9","100","180","5","100","0","特殊","false","true"
"109","かえんほうしゃ","9","90","175","15","100","0","特殊","false","true"
"110","かぎわける","0","-","-","40","-","0","変化","false","true"
"111","かくばる","0","-","-","30","-","0","変化","false","false"
"112","かげうち","7","40","100","30","100","1","物理","true","true"
"113","かげぬい","7","80","160","10","100","0","物理","false","true"
"114","かげぶんしん","0","-","-","15","-","0","変化","false","false"
"115","かぜおこし","2","40","100","35","100","0","特殊","false","true"
"116","かたきうち","0","70","140","5","100","0","物理","true","true"
"117","かたくなる","0","-","-","30","-","0","変化","false","false"
"118","かなしばり","0","-","-","20","100","0","変化","false","true"
"119","かふんだんご","6","90","175","15","100","0","特殊","false","true"
"120","かまいたち","0","80","160","10","100","0","特殊","false","true"
"121","かみくだく","16","80","160","15","100","0","物理","true","true"
"122","かみつく","16","60","120","25","100","0","物理","true","true"
"123","かみなり","12","110","185","10","70","0","特殊","false","true"
"124","かみなりのキバ","12","65","120","15","95","0","物理","true","true"
"125","かみなりパンチ","12","75","140","15","100","0","物理","true","true"
"126","からげんき","0","70","140","20","100","0","物理","true","true"
"127","からてチョップ","1","50","100","25","100","0","物理","true","true"
"128","からではさむ","10","35","100","15","85","0","物理","true","true"
"129","からにこもる","10","-","-","40","-","0","変化","false","false"
"130","からみつく","0","10","100","35","100","0","物理","true","true"
"131","からをやぶる","0","-","-","15","-","0","変化","false","false"
"132","かわらわり","1","75","140","15","100","0","物理","true","true"
"133","ガーディアン・デ・アローラ","17","-","-","1","-","0","特殊","false","false"
"134","ガードシェア","13","-","-","10","-","0","変化","false","true"
"135","ガードスワップ","13","-","-","10","-","0","変化","false","true"
"136","がまん","0","-","100","10","-","1","物理","true","true"
"137","がむしゃら","0","-","160","5","100","0","物理","true","true"
"138","ガリョウテンセイ","2","120","190","5","100","0","物理","true","true"
"139","がんせきふうじ","5","60","120","15","95","0","物理","false","true"
"140","がんせきほう","5","150","200","5","90","0","物理","false","true"
"141","きあいだま","1","120","190","5","70","0","特殊","false","true"
"142","きあいだめ","0","-","-","30","-","0","変化","false","false"
"143","きあいパンチ","1","150","200","20","100","-3","物理","true","true"
"144","きしかいせい","1","-","160","15","100","0","物理","true","true"
"145","きつけ","0","70","140","10","100","0","物理","true","true"
"146","キノコのほうし","11","-","-","15","100","0","変化","false","true"
"147","きゅうけつ","6","80","160","10","100","0","物理","true","true"
"148","きりさく","0","70","140","20","100","0","物理","true","true"
"149","きりばらい","2","-","-","15","-","0","変化","false","true"
"150","きりふだ","0","-","160","5","-","0","特殊","true","true"
"151","キングシールド","8","-","-","10","-","4","変化","false","false"
"152","きんぞくおん","8","-","-","40","85","0","変化","false","true"
"153","ギアソーサー","8","50","180","15","85","0","物理","true","true"
"154","ギアチェンジ","8","-","-","10","-","0","変化","false","false"
"155","ギガインパクト","0","150","200","5","90","0","物理","true","true"
"156","ギガドレイン","11","75","140","10","100","0","特殊","false","true"
"157","ギフトパス","0","-","-","15","-","0","変化","false","false"
"158","ぎんいろのかぜ","6","60","120","5","100","0","特殊","false","true"
"159","くさのちかい","11","80","160","10","100","0","特殊","false","true"
"160","くさぶえ","11","-","-","15","55","0","変化","false","true"
"161","くさむすび","11","-","160","20","100","0","特殊","true","true"
"162","くすぐる","0","-","-","20","100","0","変化","false","true"
"163","くちばしキャノン","2","100","180","15","100","-3","物理","false","true"
"164","クモのす","6","-","-","10","-","0","変化","false","true"
"165","クラブハンマー","10","100","180","10","90","0","物理","true","true"
"166","クリアスモッグ","3","50","100","15","-","0","特殊","false","true"
"167","くろいきり","14","-","-","30","-","0","変化","false","false"
"168","くろいまなざし","0","-","-","5","-","0","変化","false","false"
"169","クロスサンダー","12","100","180","5","100","0","物理","false","true"
"170","クロスチョップ","1","100","180","5","80","0","物理","true","true"
"171","クロスフレイム","9","100","180","5","100","0","特殊","false","true"
"172","クロスポイズン","3","70","140","20","100","0","物理","true","true"
"173","グラスフィールド","11","-","-","10","-","0","変化","false","false"
"174","グラスミキサー","11","65","120","10","90","0","特殊","false","true"
"175","グランドフォース","4","90","185","10","100","0","物理","false","true"
"176","グロウパンチ","1","40","100","20","100","0","物理","true","true"
"177","けたぐり","1","-","160","20","100","0","物理","true","true"
"178","げきりん","15","120","190","10","100","0","物理","true","true"
"179","ゲップ","3","120","190","10","90","0","特殊","false","true"
"180","げんしのちから","5","60","120","5","100","0","特殊","false","true"
"181","コールドフレア","14","140","200","5","90","0","特殊","false","true"
"182","コアパニッシャー","15","100","140","10","100","0","特殊","false","true"
"183","こうげきしれい","6","90","175","15","100","0","物理","false","true"
"184","こうごうせい","11","-","-","5","-","0","変化","false","false"
"185","こうそくいどう","13","-","-","30","-","0","変化","false","false"
"186","こうそくスピン","0","20","100","40","100","0","物理","true","true"
"187","こおりのいぶき","14","60","120","10","90","0","特殊","false","true"
"188","こおりのキバ","14","65","120","15","95","0","物理","true","true"
"189","こおりのつぶて","14","40","100","30","100","1","物理","false","true"
"190","こころのめ","0","-","-","5","-","0","変化","false","true"
"191","こごえるかぜ","14","55","100","15","95","0","特殊","false","true"
"192","こごえるせかい","14","65","120","10","95","0","特殊","false","true"
"193","コスモパワー","13","-","-","20","-","0","変化","false","false"
"194","コットンガード","11","-","-","10","-","0","変化","false","false"
"195","こなゆき","14","40","100","25","100","0","特殊","false","true"
"196","このは","11","40","100","40","100","0","物理","false","true"
"197","このゆびとまれ","0","-","-","20","-","2","変化","false","false"
"198","コメットパンチ","8","90","175","10","90","0","物理","true","true"
"199","こらえる","0","-","-","10","-","4","変化","false","false"
"200","ころがる","5","30","100","20","90","0","物理","true","true"
"201","こわいかお","0","-","-","10","100","0","変化","false","true"
"202","こんげんのはどう","10","110","185","10","85","0","特殊","false","true"
"203","ゴーストダイブ","7","90","175","10","100","0","物理","true","false"
"204","ゴッドバード","2","140","200","5","90","0","物理","false","true"
"205","サイケこうせん","13","65","120","20","100","0","特殊","false","true"
"206","サイコウェーブ","13","-","100","15","100","0","特殊","false","true"
"207","サイコカッター","13","70","140","20","100","0","物理","false","true"
"208","サイコキネシス","13","90","175","10","100","0","特殊","false","true"
"209","サイコシフト","13","-","-","10","100","0","変化","false","true"
"210","サイコショック","13","80","160","10","100","0","特殊","false","true"
"211","サイコファング","13","85","160","10","100","0","物理","true","true"
"212","サイコフィールド","13","-","-","10","-","0","変化","false","false"
"213","サイコブースト","13","140","200","5","90","0","特殊","false","true"
"214","サイコブレイク","13","100","180","10","100","0","特殊","false","true"
"215","サイドチェンジ","13","-","-","15","-","2","変化","false","false"
"216","さいはい","13","-","-","15","-","0","変化","false","true"
"217","さいみんじゅつ","13","-","-","20","60","0","変化","false","true"
"218","サウザンアロー","4","90","180","10","100","0","物理","false","true"
"219","サウザンウェーブ","4","90","175","10","100","0","物理","false","true"
"220","さきおくり","16","-","-","15","100","0","変化","false","true"
"221","さきどり","0","-","-","20","-","0","変化","false","true"
"222","さしおさえ","16","-","-","15","100","0","変化","false","true"
"223","さばきのつぶて","0","100","180","10","100","0","特殊","false","true"
"224","さわぐ","0","90","175","10","100","0","特殊","false","true"
"225","サンシャインスマッシャー","8","200","-","1","-","0","物理","true","false"
"226","シードフレア","11","120","190","5","85","0","特殊","false","true"
"227","シェルブレード","10","75","140","10","95","0","物理","true","true"
"228","しおふき","10","150","200","5","100","0","特殊","false","true"
"229","しおみず","10","65","120","10","100","0","特殊","false","true"
"230","シグナルビーム","6","75","140","15","100","0","特殊","false","true"
"231","シザークロス","6","80","160","15","100","0","物理","true","true"
"232","しぜんのいかり","17","-","100","10","90","0","特殊","false","true"
"233","しぜんのちから","0","-","-","20","-","0","変化","false","false"
"234","しぜんのめぐみ","0","-","160","15","100","0","物理","false","true"
"235","したでなめる","7","30","100","30","100","0","物理","true","true"
"236","しちせいだっこんたい","7","195","-","1","-","0","物理","true","false"
"237","しっぺがえし","16","50","100","10","100","0","物理","true","true"
"238","しっぽをふる","0","-","-","30","100","0","変化","false","true"
"239","しねんのずつき","13","80","160","15","90","0","物理","true","true"
"240","しびれごな","11","-","-","30","75","0","変化","false","true"
"241","しぼりとる","0","-","190","5","100","0","特殊","true","true"
"242","しめつける","0","15","100","20","85","0","物理","true","true"
"243","シャドーアローズストライク","7","180","-","1","-","0","物理","false","false"
"244","シャドークロー","7","70","140","15","100","0","物理","true","true"
"245","シャドースチール","7","90","175","10","100","0","物理","true","true"
"246","シャドーダイブ","7","120","190","5","100","0","物理","true","false"
"247","シャドーパンチ","7","60","120","20","-","0","物理","true","true"
"248","シャドーボール","7","80","160","15","100","0","特殊","false","true"
"249","シャドーボーン","7","85","160","10","100","0","物理","false","true"
"250","シャドーレイ","7","100","180","5","100","0","特殊","false","true"
"251","しろいきり","14","-","-","30","-","0","変化","false","false"
"252","しんくうは","1","40","100","30","100","1","特殊","false","true"
"253","シンクロノイズ","13","120","190","10","100","0","特殊","false","true"
"254","しんそく","0","80","160","5","100","2","物理","true","true"
"255","しんぴのつるぎ","1","85","160","10","100","0","特殊","false","true"
"256","しんぴのまもり","0","-","-","25","-","0","変化","false","false"
"257","シンプルビーム","0","-","-","15","100","0","変化","false","true"
"258","ジオコントロール","17","-","-","10","-","0","変化","false","false"
"259","じこあんじ","0","-","-","10","-","0","変化","false","false"
"260","じこさいせい","0","-","-","10","-","0","変化","false","false"
"261","じごくぐるま","1","80","160","20","80","0","物理","true","true"
"262","じごくづき","16","80","160","15","100","0","物理","true","true"
"263","じしん","4","100","180","10","100","0","物理","false","true"
"264","じたばた","0","-","160","15","100","0","物理","true","true"
"265","じだんだ","4","75","140","10","100","0","物理","true","true"
"266","じならし","4","60","120","20","100","0","物理","false","true"
"267","じばく","0","200","200","5","100","0","物理","false","true"
"268","じばそうさ","12","-","-","20","-","0","変化","false","false"
"269","ジャイロボール","8","-","160","5","100","0","物理","true","true"
"270","じゃれつく","17","90","175","10","90","0","物理","true","true"
"271","じゅうでん","12","-","-","20","-","0","変化","false","false"
"272","10まんばりき","4","95","175","10","95","0","物理","true","true"
"273","10まんボルト","12","90","175","15","100","0","特殊","false","true"
"274","じゅうりょく","13","-","-","5","-","0","変化","false","false"
"275","じょうか","3","-","-","20","-","0","変化","false","true"
"276","じわれ","4","-","180","5","30","0","物理","false","true"
"277","じんつうりき","13","80","160","20","100","0","特殊","false","true"
"278","スーパーアクアトルネード","10","-","-","1","-","0","-","false","false"
"279","スイープビンタ","0","25","140","10","85","0","物理","true","true"
"280","すいとる","11","20","100","25","100","0","特殊","false","true"
"281","スカイアッパー","1","85","160","15","90","0","物理","true","true"
"282","スキルスワップ","13","-","-","10","-","0","変化","false","true"
"283","スケイルノイズ","15","110","185","5","100","0","特殊","false","true"
"284","スケッチ","0","-","-","1","-","0","変化","false","false"
"285","スチームバースト","10","110","185","5","95","0","特殊","false","true"
"286","すてゼリフ","16","-","-","20","100","0","変化","false","true"
"287","すてみタックル","0","120","190","15","100","0","物理","true","true"
"288","ステルスロック","5","-","-","20","-","0","変化","false","false"
"289","ストーンエッジ","5","100","180","5","80","0","物理","false","true"
"290","すなあつめ","4","-","-","10","-","0","変化","false","false"
"291","すなあらし","5","-","-","10","-","0","変化","false","false"
"292","すなかけ","4","-","-","15","100","0","変化","false","true"
"293","すなじごく","4","35","100","15","85","0","物理","false","true"
"294","スパーキングギガボルト","12","-","-","1","-","0","-","false","false"
"295","スパーク","12","65","120","20","100","0","物理","true","true"
"296","スピードスター","0","60","120","20","-","0","特殊","false","true"
"297","スピードスワップ","13","-","-","10","-","0","変化","false","true"
"298","スプーンまげ","13","-","-","15","80","0","変化","false","true"
"299","スポットライト","0","-","-","15","-","3","変化","false","true"
"300","スマートホーン","8","70","140","10","-","0","物理","true","true"
"301","スモッグ","3","30","100","20","70","0","特殊","false","true"
"302","すりかえ","16","-","-","10","100","0","変化","false","true"
"303","ずつき","0","70","140","15","100","0","物理","true","true"
"304","せいちょう","0","-","-","20","-","0","変化","false","false"
"305","せいなるつるぎ","1","90","175","15","100","0","物理","true","true"
"306","せいなるほのお","9","100","180","5","95","0","物理","false","true"
"307","ぜったいほしょくかいてんざん","6","-","-","1","-","0","-","false","false"
"308","ぜったいれいど","14","-","180","5","30","0","特殊","false","true"
"309","ぜんりょくむそうげきれつけん","1","-","-","1","-","0","-","false","false"
"310","ソーラービーム","11","120","190","10","100","0","特殊","false","true"
"311","ソーラーブレード","11","125","190","10","100","0","物理","true","true"
"312","そうでん","12","-","-","20","-","0","変化","false","true"
"313","ソニックブーム","0","-","100","20","90","0","特殊","false","true"
"314","そらをとぶ","2","90","175","15","95","0","物理","true","true"
"315","たいあたり","0","40","100","35","100","0","物理","true","true"
"316","たがやす","4","-","-","10","-","0","変化","false","false"
"317","たきのぼり","10","80","160","15","100","0","物理","true","true"
"318","たくわえる","0","-","-","20","-","0","変化","false","false"
"319","たたきつける","0","80","160","20","75","0","物理","true","true"
"320","たたみがえし","1","-","-","10","-","0","変化","false","false"
"321","たたりめ","7","65","160","10","100","0","特殊","false","true"
"322","たつまき","15","40","100","20","100","0","特殊","false","true"
"323","タネばくだん","11","80","160","15","100","0","物理","false","true"
"324","タネマシンガン","11","25","140","30","100","0","物理","false","true"
"325","タマゴうみ","0","-","-","10","-","0","変化","false","false"
"326","タマゴばくだん","0","100","180","10","75","0","物理","false","true"
"327","たまなげ","0","15","100","20","85","0","物理","false","true"
"328","ダークホール","16","-","-","10","50","0","変化","false","true"
"329","だいちのちから","4","90","175","10","100","0","特殊","false","true"
"330","ダイナミックフルフレイム","9","-","-","1","-","0","-","false","false"
"331","だいばくはつ","0","250","200","5","100","0","物理","false","true"
"332","ダイビング","10","80","160","10","100","0","物理","true","true"
"333","だいもんじ","9","110","185","5","85","0","特殊","false","true"
"334","ダイヤストーム","5","100","180","5","95","0","物理","false","true"
"335","だくりゅう","10","90","175","10","85","0","特殊","false","true"
"336","ダストシュート","3","120","190","5","80","0","物理","false","true"
"337","ダブルアタック","0","35","140","10","90","0","物理","true","true"
"338","ダブルチョップ","15","40","100","15","90","0","物理","true","true"
"339","ダブルニードル","6","25","100","20","100","0","物理","false","true"
"340","だましうち","16","60","120","20","-","0","物理","true","true"
"341","ダメおし","16","60","120","10","100","0","物理","true","true"
"342","だんがいのつるぎ","4","120","190","10","85","0","物理","false","true"
"343","ちいさくなる","0","-","-","10","-","0","変化","false","false"
"344","ちからをすいとる","11","-","-","10","100","0","変化","false","true"
"345","ちきゅうなげ","1","-","100","20","100","0","物理","true","true"
"346","チャージビーム","12","50","100","10","90","0","特殊","false","true"
"347","チャームボイス","17","40","100","15","-","0","特殊","false","true"
"348","ちょうおんぱ","0","-","-","20","55","0","変化","false","true"
"349","ちょうぜつらせんれんげき","8","-","-","1","-","0","-","false","false"
"350","ちょうのまい","6","-","-","20","-","0","変化","false","false"
"351","ちょうはつ","16","-","-","20","100","0","変化","false","true"
"352","ついばむ","2","60","120","20","100","0","物理","true","true"
"353","つきのひかり","17","-","-","5","-","0","変化","false","false"
"354","つけあがる","16","20","160","10","100","0","物理","true","true"
"355","つじぎり","16","70","140","15","100","0","物理","true","true"
"356","つっぱり","1","15","100","20","100","0","物理","true","true"
"357","つつく","2","35","100","35","100","0","物理","true","true"
"358","つのでつく","0","65","120","25","100","0","物理","true","true"
"359","つのドリル","0","-","180","5","30","0","物理","true","true"
"360","つばさでうつ","2","60","120","35","100","0","物理","true","true"
"361","つばめがえし","2","60","120","20","-","0","物理","true","true"
"362","つぶらなひとみ","17","-","-","30","100","1","変化","false","true"
"363","つぼをつく","0","-","-","30","-","0","変化","false","false"
"364","つめとぎ","16","-","-","15","-","0","変化","false","false"
"365","つららおとし","14","85","160","10","90","0","物理","false","true"
"366","つららばり","14","25","140","30","100","0","物理","false","true"
"367","つるぎのまい","0","-","-","20","-","0","変化","false","false"
"368","つるのムチ","11","45","100","25","100","0","物理","true","true"
"369","てかげん","0","40","100","40","100","0","物理","true","true"
"370","テクスチャー","0","-","-","30","-","0","変化","false","false"
"371","テクスチャー2","0","-","-","30","-","0","変化","false","false"
"372","テクノバスター","0","120","190","5","100","0","特殊","false","true"
"373","てだすけ","0","-","-","20","-","5","変化","false","false"
"374","てっぺき","8","-","-","15","-","0","変化","false","false"
"375","テレキネシス","13","-","-","15","-","0","変化","false","true"
"376","テレポート","13","-","-","20","-","0","変化","false","false"
"377","てをつなぐ","0","0","-","40","0","0","変化","false","false"
"378","てんこがすめつぼうのひかり","13","200","-","1","-","0","特殊","false","false"
"379","てんしのキッス","17","-","-","10","75","0","変化","false","true"
"380","であいがしら","6","90","175","10","100","2","物理","true","true"
"381","DDラリアット","16","85","160","10","100","0","物理","true","true"
"382","デスウイング","2","80","160","10","100","0","特殊","false","true"
"383","でんきショック","12","40","100","30","100","0","特殊","false","true"
"384","でんげきは","12","60","120","20","-","0","特殊","false","true"
"385","でんこうせっか","0","40","100","30","100","1","物理","true","true"
"386","でんじは","12","-","-","20","90","0","変化","false","true"
"387","でんじふゆう","12","-","-","10","-","0","変化","false","false"
"388","でんじほう","12","120","190","5","50","0","特殊","false","true"
"389","トーチカ","3","-","-","10","-","4","変化","false","false"
"390","とおせんぼう","0","-","-","5","-","0","変化","false","false"
"391","とおぼえ","0","-","-","40","-","0","変化","false","false"
"392","ときのほうこう","15","150","200","5","90","0","特殊","false","true"
"393","とぎすます","0","-","-","30","-","0","変化","false","false"
"394","とぐろをまく","3","-","-","20","-","0","変化","false","false"
"395","とける","3","-","-","20","-","0","変化","false","false"
"396","とげキャノン","0","20","100","15","100","0","物理","false","true"
"397","とっしん","0","90","175","20","85","0","物理","true","true"
"398","とっておき","0","140","200","5","100","0","物理","true","true"
"399","とどめばり","6","50","100","25","100","0","物理","true","true"
"400","とびかかる","6","80","160","15","100","0","物理","true","true"
"401","とびげり","1","100","180","10","95","0","物理","true","true"
"402","とびはねる","2","85","160","5","85","0","物理","true","true"
"403","とびひざげり","1","130","195","10","90","0","物理","true","true"
"404","ともえなげ","1","60","120","10","90","-6","物理","true","true"
"405","トライアタック","0","80","160","10","100","0","特殊","false","true"
"406","トラップシェル","9","150","200","5","100","-3","特殊","false","true"
"407","トリック","13","-","-","10","100","0","変化","false","true"
"408","トリックガード","17","-","-","10","-","3","変化","false","false"
"409","トリックルーム","13","-","-","5","-","-7","変化","false","false"
"410","トリプルキック","1","10","120","10","90","0","物理","true","true"
"411","トロピカルキック","11","70","140","15","100","0","物理","true","true"
"412","とんぼがえり","6","70","140","20","100","0","物理","true","true"
"413","どくガス","3","-","-","40","90","0","変化","false","true"
"414","どくづき","3","80","160","20","100","0","物理","true","true"
"415","どくどく","3","-","-","10","90","0","変化","false","true"
"416","どくどくのキバ","3","50","100","15","100","0","物理","true","true"
"417","どくのいと","3","-","-","20","100","0","変化","false","true"
"418","どくのこな","3","-","-","35","75","0","変化","false","true"
"419","どくばり","3","15","100","35","100","0","物理","false","true"
"420","どくびし","3","-","-","20","-","0","変化","false","false"
"421","ドラゴンクロー","15","80","160","15","100","0","物理","true","true"
"422","ドラゴンダイブ","15","100","180","10","75","0","物理","true","true"
"423","ドラゴンテール","15","60","120","10","90","-6","物理","true","true"
"424","ドラゴンハンマー","15","90","175","15","100","0","物理","true","true"
"425","ドリルくちばし","2","80","160","20","100","0","物理","true","true"
"426","ドリルライナー","4","80","160","10","95","0","物理","true","true"
"427","ドレインキッス","17","50","100","10","100","0","特殊","true","true"
"428","ドレインパンチ","1","75","140","10","100","0","物理","true","true"
"429","どろあそび","4","-","-","15","-","0","変化","false","false"
"430","どろかけ","4","20","100","10","100","0","特殊","false","true"
"431","どろばくだん","4","65","120","10","85","0","特殊","false","true"
"432","どろぼう","16","60","120","25","100","0","物理","true","true"
"433","ドわすれ","13","-","-","20","-","0","変化","false","false"
"434","ないしょばなし","0","-","-","20","-","0","変化","false","false"
"435","ナイトバースト","16","85","160","10","95","0","特殊","false","true"
"436","ナイトヘッド","7","-","100","15","100","0","特殊","false","true"
"437","ナインエボルブースト","0","-","-","1","-","0","変化","false","false"
"438","なかまづくり","0","-","-","15","100","0","変化","false","true"
"439","なかよくする","0","-","-","20","-","0","変化","false","false"
"440","なきごえ","0","-","-","40","100","0","変化","false","true"
"441","なげつける","16","-","100","10","100","0","物理","false","true"
"442","なしくずし","0","70","140","20","100","0","物理","true","true"
"443","なまける","0","-","-","10","-","0","変化","false","false"
"444","なみだめ","0","-","-","20","-","0","変化","false","false"
"445","なみのり","10","90","175","15","100","0","特殊","false","true"
"446","なやみのタネ","11","-","-","10","100","0","変化","false","true"
"447","なりきり","13","-","-","10","-","0","変化","false","false"
"448","ニードルアーム","11","60","120","15","100","0","物理","true","true"
"449","ニードルガード","11","-","-","10","-","4","変化","false","false"
"450","にぎりつぶす","0","-","190","5","100","0","物理","true","true"
"451","ニトロチャージ","9","50","100","20","100","0","物理","true","true"
"452","にどげり","1","30","100","30","100","0","物理","true","true"
"453","にほんばれ","9","-","-","5","-","0","変化","false","false"
"454","にらみつける","0","-","-","30","100","0","変化","false","true"
"455","ねがいごと","0","-","-","10","-","0","変化","false","false"
"456","ねこだまし","0","40","100","10","100","3","物理","true","true"
"457","ネコにこばん","0","40","100","20","100","0","物理","false","true"
"458","ねこのて","0","-","-","20","-","0","変化","false","false"
"459","ねごと","0","-","-","10","-","0","変化","false","false"
"460","ねっとう","10","80","160","15","100","0","特殊","false","true"
"461","ねっぷう","9","95","175","10","90","0","特殊","false","true"
"462","ねばねばネット","6","-","-","20","-","0","変化","false","false"
"463","ねむりごな","11","-","-","15","75","0","変化","false","true"
"464","ねむる","13","-","-","10","-","0","変化","false","false"
"465","ねをはる","11","-","-","20","-","0","変化","false","false"
"466","ねんりき","13","50","100","25","100","0","特殊","false","true"
"467","のしかかり","0","85","160","15","100","0","物理","true","true"
"468","のみこむ","0","-","-","10","-","0","変化","false","false"
"469","のろい","7","-","-","10","-","0","変化","false","false"
"470","ハートスタンプ","13","60","120","25","100","0","物理","true","true"
"471","ハートスワップ","13","-","-","10","-","0","変化","false","true"
"472","ハードプラント","11","150","200","5","90","0","特殊","false","true"
"473","ハードローラー","6","65","120","20","100","0","物理","true","true"
"474","ハイドロカノン","10","150","200","5","90","0","特殊","false","true"
"475","ハイドロポンプ","10","110","185","5","80","0","特殊","false","true"
"476","ハイパーダーククラッシャー","16","180","-","1","-","0","物理","true","false"
"477","ハイパーボイス","0","90","175","10","100","0","特殊","false","true"
"478","はかいこうせん","0","150","200","5","90","0","特殊","false","true"
"479","はがねのつばさ","8","70","140","25","90","0","物理","true","true"
"480","はきだす","0","-","100","10","100","0","特殊","false","true"
"481","ハサミギロチン","0","-","180","5","30","0","物理","true","true"
"482","はさむ","0","55","100","30","100","0","物理","true","true"
"483","はじけるほのお","9","70","140","15","100","0","特殊","false","true"
"484","はたきおとす","16","65","120","20","100","0","物理","true","true"
"485","はたく","0","40","100","35","100","0","物理","true","true"
"486","はっけい","1","60","120","10","100","0","物理","true","true"
"487","はっぱカッター","11","55","100","25","95","0","物理","false","true"
"488","ハッピータイム","0","0","-","30","0","0","変化","false","false"
"489","はどうだん","1","80","160","20","-","0","特殊","false","true"
"490","はなびらのまい","11","120","190","10","100","0","特殊","true","true"
"491","はなふぶき","11","90","175","15","100","0","物理","false","true"
"492","はねやすめ","2","-","-","10","-","0","変化","false","false"
"493","はねる","0","-","-","40","-","0","変化","false","false"
"494","はめつのねがい","8","140","200","5","100","0","特殊","false","false"
"495","はめつのひかり","17","140","200","5","90","0","特殊","false","true"
"496","はらだいこ","0","-","-","10","-","0","変化","false","false"
"497","ハロウィン","7","-","-","20","100","0","変化","false","true"
"498","バークアウト","16","55","100","15","95","0","特殊","false","true"
"499","ばかぢから","1","120","190","5","100","0","物理","true","true"
"500","ばくおんぱ","0","140","200","10","100","0","特殊","false","true"
"501","ばくれつパンチ","1","100","180","5","50","0","物理","true","true"
"502","バトンタッチ","0","-","-","40","-","0","変化","false","false"
"503","バブルこうせん","10","65","120","20","100","0","特殊","false","true"
"504","バリアー","13","-","-","20","-","0","変化","false","false"
"505","バレットパンチ","8","40","100","30","100","1","物理","true","true"
"506","パラボラチャージ","12","65","120","20","100","0","特殊","false","true"
"507","パワーウィップ","11","120","190","10","85","0","物理","true","true"
"508","パワーシェア","13","-","-","10","-","0","変化","false","true"
"509","パワージェム","5","80","160","20","100","0","特殊","false","true"
"510","パワースワップ","13","-","-","10","-","0","変化","false","true"
"511","パワートリック","13","-","-","10","-","0","変化","false","false"
"512","ヒートスタンプ","9","-","160","10","100","0","物理","true","true"
"513","ひかりのかべ","13","-","-","30","-","0","変化","false","false"
"514","ひっかく","0","40","100","35","100","0","物理","true","true"
"515","ひっくりかえす","16","-","-","20","-","0","変化","false","true"
"516","ひっさつのピカチュート","12","210","-","1","-","0","物理","true","false"
"517","ひっさつまえば","0","80","160","15","90","0","物理","true","true"
"518","ひのこ","9","40","100","25","100","0","特殊","false","true"
"519","ひみつのちから","0","70","140","20","100","0","物理","false","true"
"520","ビックリヘッド","9","150","200","5","100","0","特殊","false","true"
"521","びりびりちくちく","12","80","160","10","100","0","物理","true","true"
"522","ビルドアップ","1","-","-","20","-","0","変化","false","false"
"523","ピヨピヨパンチ","0","70","140","10","100","0","物理","true","true"
"524","ファイナルダイブクラッシュ","2","-","-","1","-","0","-","false","false"
"525","ファストガード","1","-","-","15","-","3","変化","false","false"
"526","ふいうち","16","70","140","5","100","1","物理","true","true"
"527","ふういん","13","-","-","10","-","0","変化","false","false"
"528","フェアリーロック","17","-","-","10","-","0","変化","false","false"
"529","フェイント","0","30","100","10","100","2","物理","false","false"
"530","フェザーダンス","2","-","-","15","100","0","変化","false","true"
"531","フォトンゲイザー","13","100","180","5","100","0","特殊","false","true"
"532","ふきとばし","0","-","-","20","-","-6","変化","false","false"
"533","ふくろだたき","16","-","100","10","100","0","物理","false","true"
"534","ふぶき","14","110","185","5","70","0","特殊","false","true"
"535","ふみつけ","0","65","120","20","100","0","物理","true","true"
"536","フライングプレス","1","100","170","10","95","0","物理","true","true"
"537","フラッシュ","0","-","-","20","100","0","変化","false","true"
"538","フラフラダンス","0","-","-","20","100","0","変化","false","true"
"539","フラワーガード","17","-","-","10","-","0","変化","false","false"
"540","フラワーヒール","17","-","-","10","-","0","変化","false","true"
"541","フリーズドライ","14","70","140","20","100","0","特殊","false","true"
"542","フリーズボルト","14","140","200","5","90","0","物理","false","true"
"543","フリーフォール","2","60","120","10","100","0","物理","true","true"
"544","フルールカノン","17","130","195","5","90","0","特殊","false","true"
"545","ふるいたてる","0","-","-","30","-","0","変化","false","false"
"546","フレアドライブ","9","120","190","15","100","0","物理","true","true"
"547","ふんえん","9","80","160","15","100","0","特殊","false","true"
"548","ふんか","9","150","200","5","100","0","特殊","false","true"
"549","ふんじん","6","-","-","20","100","1","変化","false","true"
"550","Vジェネレート","9","180","220","5","95","0","物理","true","true"
"551","ブラストバーン","9","150","200","5","90","0","特殊","false","true"
"552","ブラックホールイクリプス","16","-","-","1","-","0","-","false","false"
"553","ブルームシャインエクストラ","11","-","-","1","-","0","-","false","false"
"554","ブレイククロー","0","75","140","10","95","0","物理","true","true"
"555","ブレイジングソウルビート","15","185","-","1","-","0","特殊","false","false"
"556","ブレイズキック","9","85","160","10","90","0","物理","true","true"
"557","ブレイブバード","2","120","190","15","100","0","物理","true","true"
"558","ぶんまわす","16","60","120","20","100","0","物理","true","true"
"559","プラズマシャワー","12","-","-","25","-","1","変化","false","false"
"560","プラズマフィスト","12","100","180","15","100","0","物理","true","true"
"561","プリズムレーザー","13","160","200","10","100","0","特殊","false","true"
"562","プレゼント","0","-","100","15","90","0","物理","false","true"
"563","ヘドロウェーブ","3","95","175","10","100","0","特殊","false","true"
"564","ヘドロこうげき","3","65","120","20","100","0","特殊","false","true"
"565","ヘドロばくだん","3","90","175","10","100","0","特殊","false","true"
"566","ヘビーボンバー","8","-","160","10","100","0","物理","true","true"
"567","へびにらみ","0","-","-","30","100","0","変化","false","true"
"568","へんしん","0","-","-","10","-","0","変化","false","false"
"569","ベノムショック","3","65","120","10","100","0","特殊","false","true"
"570","ベノムトラップ","3","-","-","20","100","0","変化","false","true"
"571","ほうでん","12","80","160","15","100","0","特殊","false","true"
"572","ほえる","0","-","-","20","-","-6","変化","false","false"
"573","ほごしょく","0","-","-","20","-","0","変化","false","false"
"574","ほしがる","0","60","120","25","100","0","物理","true","true"
"575","ほたるび","6","-","-","20","-","0","変化","false","false"
"576","ほっぺすりすり","12","20","100","20","100","0","物理","true","true"
"577","ホネこんぼう","4","65","120","20","85","0","物理","false","true"
"578","ホネブーメラン","4","50","100","10","90","0","物理","false","true"
"579","ほのおのうず","9","35","100","15","85","0","特殊","false","true"
"580","ほのおのキバ","9","65","120","15","95","0","物理","true","true"
"581","ほのおのちかい","9","80","160","10","100","0","特殊","false","true"
"582","ほのおのパンチ","9","75","140","15","100","0","物理","true","true"
"583","ほのおのまい","9","80","160","10","100","0","特殊","false","true"
"584","ほのおのムチ","9","80","160","15","100","0","物理","true","true"
"585","ほろびのうた","0","-","-","5","-","0","変化","false","false"
"586","ほんきをだす こうげき","0","210","-","1","-","0","物理","true","false"
"587","ボーンラッシュ","4","25","140","10","90","0","物理","false","true"
"588","ぼうぎょしれい","6","-","-","10","-","0","変化","false","false"
"589","ぼうふう","2","110","185","10","70","0","特殊","false","true"
"590","ボディパージ","8","-","-","15","-","0","変化","false","false"
"591","ボルテッカー","12","120","190","15","100","0","物理","true","true"
"592","ボルトチェンジ","12","70","140","20","100","0","特殊","false","true"
"593","ポイズンテール","3","50","100","25","100","0","物理","true","true"
"594","ぽかぼかフレンドタイム","17","190","-","1","-","0","物理","true","false"
"595","マキシマムサイブレイカー","13","-","-","1","-","0","-","false","false"
"596","まきつく","0","15","100","20","90","0","物理","true","true"
"597","まきびし","4","-","-","20","-","0","変化","false","false"
"598","マグニチュード","4","-","140","30","100","0","物理","false","true"
"599","マグネットボム","8","60","120","20","-","0","物理","false","true"
"600","マグマストーム","9","100","180","5","75","0","特殊","false","true"
"601","マジカルシャイン","17","80","160","10","100","0","特殊","false","true"
"602","マジカルフレイム","9","75","140","10","100","0","特殊","false","true"
"603","マジカルリーフ","11","60","120","20","-","0","特殊","false","true"
"604","マジックコート","13","-","-","15","-","4","変化","false","false"
"605","マジックルーム","13","-","-","10","-","0","変化","false","false"
"606","マッドショット","4","55","100","15","95","0","特殊","false","true"
"607","マッハパンチ","1","40","100","30","100","1","物理","true","true"
"608","まとわりつく","6","20","100","20","100","0","特殊","true","true"
"609","まねっこ","0","-","-","20","-","0","変化","false","false"
"610","まもる","0","-","-","10","-","4","変化","false","false"
"611","まるくなる","0","-","-","40","-","0","変化","false","false"
"612","マルチアタック","0","90","185","10","100","0","物理","true","true"
"613","まわしげり","1","60","120","15","85","0","物理","true","true"
"614","みかづきのまい","13","-","-","10","-","0","変化","false","false"
"615","みがわり","0","-","-","10","-","0","変化","false","false"
"616","みきり","1","-","-","5","-","4","変化","false","false"
"617","ミサイルばり","6","25","140","20","95","0","物理","false","true"
"618","ミストフィールド","17","-","-","10","-","0","変化","false","false"
"619","ミストボール","13","70","140","5","100","0","特殊","false","true"
"620","みずあそび","10","-","-","15","-","0","変化","false","false"
"621","みずしゅりけん","10","15","100","20","100","1","特殊","false","true"
"622","みずでっぽう","10","40","100","25","100","0","特殊","false","true"
"623","みずのちかい","10","80","160","10","100","0","特殊","false","true"
"624","みずのはどう","10","60","120","20","100","0","特殊","false","true"
"625","みずびたし","10","-","-","20","100","0","変化","false","true"
"626","みだれづき","0","15","100","20","85","0","物理","true","true"
"627","みだれひっかき","0","18","100","15","80","0","物理","true","true"
"628","みちづれ","7","-","-","5","-","0","変化","false","false"
"629","みねうち","0","40","100","40","100","0","物理","true","true"
"630","みやぶる","0","-","-","40","-","0","変化","false","true"
"631","ミラーコート","13","-","100","20","100","-5","特殊","false","true"
"632","ミラーショット","8","65","120","10","85","0","特殊","false","true"
"633","ミラータイプ","0","-","-","15","-","0","変化","false","true"
"634","みらいよち","13","120","190","10","100","0","特殊","false","false"
"635","ミラクルアイ","13","-","-","40","-","0","変化","false","true"
"636","ミルクのみ","0","-","-","10","-","0","変化","false","false"
"637","ムーンフォース","17","95","175","15","100","0","特殊","false","true"
"638","ムーンライトブラスター","7","200","-","1","-","0","特殊","false","false"
"639","むげんあんやへのいざない","7","-","-","1","-","0","-","false","false"
"640","むしくい","6","60","120","20","100","0","物理","true","true"
"641","むしのさざめき","6","90","175","10","100","0","特殊","false","true"
"642","むしのていこう","6","50","100","20","100","0","特殊","false","true"
"643","めいそう","13","-","-","20","-","0","変化","false","false"
"644","メガトンキック","0","120","190","5","75","0","物理","true","true"
"645","メガトンパンチ","0","80","160","20","85","0","物理","true","true"
"646","メガドレイン","11","40","120","15","100","0","特殊","false","true"
"647","メガホーン","6","120","190","10","85","0","物理","true","true"
"648","めざましビンタ","1","70","140","10","100","0","物理","true","true"
"649","めざめるダンス","0","90","175","15","100","0","特殊","false","true"
"650","めざめるパワー","0","60","120","15","100","0","特殊","false","true"
"651","メタルクロー","8","50","100","35","95","0","物理","true","true"
"652","メタルバースト","8","-","100","10","100","0","物理","false","true"
"653","メテオドライブ","8","100","180","5","100","0","物理","true","true"
"654","メロメロ","0","-","-","15","100","0","変化","false","true"
"655","もえつきる","9","130","195","5","100","0","特殊","false","true"
"656","ものまね","0","-","-","10","-","0","変化","false","true"
"657","もりののろい","11","-","-","20","100","0","変化","false","true"
"658","もろはのずつき","5","150","200","5","80","0","物理","true","true"
"659","やきつくす","9","60","120","15","100","0","特殊","false","true"
"660","やつあたり","0","-","160","20","100","0","物理","true","true"
"661","やどりぎのタネ","11","-","-","10","90","0","変化","false","true"
"662","やまあらし","1","60","120","10","100","0","物理","true","true"
"663","ゆうわく","0","-","-","20","100","0","変化","false","true"
"664","ゆきなだれ","14","60","120","10","100","-4","物理","true","true"
"665","ゆびをふる","0","-","-","10","-","0","変化","false","false"
"666","ゆめくい","13","100","180","15","100","0","特殊","false","true"
"667","ようかいえき","3","40","100","30","100","0","特殊","false","true"
"668","ようせいのかぜ","17","40","100","30","100","0","特殊","false","true"
"669","ヨガのポーズ","13","-","-","40","-","0","変化","false","false"
"670","よこどり","16","-","-","10","-","4","変化","false","false"
"671","らいげき","12","130","195","5","85","0","物理","true","true"
"672","ライジングランドオーバー","4","-","-","1","-","0","-","false","false"
"673","ライトニングサーフライド","12","175","-","1","-","0","特殊","false","false"
"674","ラジアルエッジストーム","5","190","-","1","-","0","物理","false","false"
"675","ラスターカノン","8","80","160","10","100","0","特殊","false","true"
"676","ラスターパージ","13","70","140","5","100","0","特殊","false","true"
"677","ラブリースターインパクト","17","-","-","1","-","0","-","false","false"
"678","リーフストーム","11","130","195","5","90","0","特殊","false","true"
"679","リーフブレード","11","90","175","15","100","0","物理","true","true"
"680","リサイクル","0","-","-","10","-","0","変化","false","false"
"681","リフレクター","13","-","-","20","-","0","変化","false","false"
"682","リフレッシュ","0","-","-","20","-","0","変化","false","false"
"683","リベンジ","1","60","120","10","100","-4","物理","true","true"
"684","りゅうせいぐん","15","130","195","5","90","0","特殊","false","true"
"685","りゅうのいかり","15","-","100","10","100","0","特殊","false","true"
"686","りゅうのいぶき","15","60","120","20","100","0","特殊","false","true"
"687","りゅうのはどう","15","85","160","10","100","0","特殊","false","true"
"688","りゅうのまい","15","-","-","20","-","0","変化","false","false"
"689","りんしょう","0","60","120","15","100","0","特殊","false","true"
"690","レイジングジオフリーズ","14","-","-","1","-","0","-","false","false"
"691","れいとうパンチ","14","75","140","15","100","0","物理","true","true"
"692","れいとうビーム","14","90","175","10","100","0","特殊","false","true"
"693","れんごく","9","100","180","5","50","0","特殊","false","true"
"694","れんぞくぎり","6","40","100","20","95","0","物理","true","true"
"695","れんぞくパンチ","0","18","100","15","85","0","物理","true","true"
"696","ローキック","1","65","120","20","100","0","物理","true","true"
"697","ロケットずつき","0","130","195","10","100","0","物理","true","true"
"698","ロックオン","0","-","-","5","-","0","変化","false","true"
"699","ロックカット","5","-","-","20","-","0","変化","false","false"
"700","ロッククライム","0","90","175","20","85","0","物理","true","true"
"701","ロックブラスト","5","25","140","10","90","0","物理","false","true"
"702","ワールズエンドフォール","5","-","-","1","-","0","-","false","false"
"703","ワイドガード","5","-","-","10","-","3","変化","false","false"
"704","ワイルドボルト","12","90","175","15","100","0","物理","true","true"
"705","わたほうし","11","-","-","40","100","0","変化","false","true"
"706","わだつみのシンフォニア","10","195","-","1","-","0","特殊","false","false"
"707","わるあがき","0","50","1","1","-","0","物理","true","true"
"708","わるだくみ","16","-","-","20","-","0","変化","false","false"
"709","ワンダールーム","13","-","-","10","-","0","変化","false","false"
